timestamp,global_step,epoch,generated,reference,elapsed_sec,eta_sec
2026-04-11 11:35:44,700,1,"Question:
What is the third biggest value in 0.4, -1/3, 2?
Answer:
-1/3","That will give you more balance and support as you perform, alright?",34624.6,1074598.8
2026-04-11 11:35:44,700,1,"Question:
What is the third biggest value in 0.5, -2/3, 1?
Answer:
-2/3","SIG HAUER: That mu point, particular point is referred to as Yin Ton.",34624.6,1074598.8
2026-04-11 11:35:44,700,1,"Question:
Calculate prob of picking 1 u and 2 v when three letters picked without replacement from {u: 4, v: 3}.
Answer:
12/35",The author said that the name would be long to type.,34624.6,1074598.8
2026-04-11 11:35:44,700,1,"Question:
What is the next term in 1, -2, -5, -8?",Welcome to Sign1News.,34624.6,1074598.8
2026-04-11 11:35:44,700,1,"Question:
What is the third biggest value in 0.4, -1/3, 2?
Answer:
-1/3","Now a hitch, technically, isn't a knot, but it falls in the same category of kind of the macrame style.",34624.6,1074598.8
2026-04-11 11:35:44,700,1,"Question:
What is prob of picking 1 l and 3 m when four letters picked without replacement from {l: 2, m: 4}?
Answer:
8/15","I admit, I never expected to be an interpreter growing up, much less realize interpreting could be a paying job!",34624.6,1074598.8
2026-04-11 11:35:44,700,1,"Question:
What is the third biggest value in 0.5, -1/4, 2?","Lawmakers are getting in on the protest too, demanding answers.",34624.6,1074598.8
2026-04-11 11:35:44,700,1,"Question:
What is the third biggest value in 0.1, -2/3, 5?
Answer:
-2/3",We're just eyeballing this right now.,34624.6,1074598.8
2026-04-11 11:35:44,700,1,"Question:
What is the third biggest value in 0.5, -1/4, -2?
Answer:
-2",We're going to name this macro one just say okay.,34624.6,1074598.8
2026-04-11 11:35:44,700,1,"Question:
What is the third biggest value in 0.4, -1/3, -2?
Answer:
-2",Next we are going to be talking about the edge of a snowboard.,34624.6,1074598.8
2026-04-11 11:35:44,700,1,"Question:
What is the third biggest value in 0.5, -1/2, 3?
Answer:
-1/2",You're going to do an half an ounce of blue Curacao.,34624.6,1074598.8
2026-04-11 11:35:44,700,1,"Question:
What is the third biggest value in 0.4, -1/3, 2?
Answer:
-1/3","Now, depending on the size of the sponsorship, you can offer quarter page, half page, or full-page ads.",34624.6,1074598.8
2026-04-11 11:35:44,700,1,"Question:
What is the third biggest value in 0.4, -1/3, 2?
Answer:
-1/3",You need to be very careful when cleaning their cages if these birds are flighted.,34624.6,1074598.8
2026-04-11 11:35:44,700,1,"Question:
What is the third biggest value in 0.4, -1/3, 2?
Answer:
-1/3",If we think that we need to deal with the situation a little bit more directly we can just go off the attack immediately.,34624.6,1074598.8
2026-04-11 11:35:44,700,1,"Question:
What is the third biggest value in 0.5, -1/4, 2?","I mean, I liked school but I never thought about life beyond school.",34624.6,1074598.8
2026-04-11 11:35:44,700,1,"Question:
What is prob of picking 1 l and 2 n?",I want to meet various people on an international level.,34624.6,1074598.8
2026-04-11 11:35:44,700,1,"Question:
What is the third biggest value in 0.4, -1/3, 2?
Answer:
-1/3",We are talking about what hairstyles suit a diamond shape face.,34624.6,1074598.8
2026-04-11 11:35:44,700,1,"Question:
What is the third biggest value in 0.4, -1/3, -2?
Answer:
-2",It's going to find out how much that bank can lend you.,34624.6,1074598.8
2026-04-11 11:35:44,700,1,"Question:
What is the third biggest value in 0.4, -1/3, 2?
Answer:
-1/3","But primarily, I'll be talking about it from the standpoint of traditional story.",34624.6,1074598.8
2026-04-11 11:35:44,700,1,"Question:
What is prob of picking 1 h and 2 n when three letters picked without replacement from {n: 3, h: 4}?
Answer:
12/35",I don't want too much paint on the wall.,34624.6,1074598.8
2026-04-11 11:35:44,700,1,"Question:
What is the third biggest value in 0.1, -2/3, 4?
Answer:
-2/3","It's going to be a little bit of a cold shower, but it seals the cuticle.",34624.6,1074598.8
2026-04-11 11:35:44,700,1,"Question:
What is prob of picking 1 l and 2 n?","And now, we have to extend it.",34624.6,1074598.8
2026-04-11 11:35:44,700,1,"Question:
What is prob of picking 1 u and 2 v when three letters picked without replacement from {u: 4, v: 3}?
Answer:
12/35",This was my first introduction to it and I got sides.,34624.6,1074598.8
2026-04-11 11:35:44,700,1,"Question:
What is the third biggest value in 0.4, -1/2, 3?
Answer:
-1/2",So I was going through my large beads here and I was looking to see which one would match up nicely.,34624.6,1074598.8
2026-04-11 11:35:44,700,1,"Question:
What is the third biggest value in 0.5, -1/4, 2?
Answer:
-1/4","See if you'd hit it from here, there's a possibility that it could tip.",34624.6,1074598.8
2026-04-11 11:35:44,700,1,"Question:
What is prob of picking 1 s and 3 n when four letters picked without replacement from {n: 4, s: 2}?
Answer:
8/15",I think my love of animals really inspired me to become a full-time photographer.,34624.6,1074598.8
2026-04-11 11:35:44,700,1,"Question:
What is the next term in 0, -2, -4, -6?",That was my first job.,34624.6,1074598.8
2026-04-11 11:35:44,700,1,"Question:
What is prob of picking 1 l and 2 v when three letters picked without replacement from {l: 3, v: 4}?
Answer:
9/20","Some people have faced obstacles trying to evacuate, with no avail.",34624.6,1074598.8
2026-04-11 11:35:44,700,1,"Question:
What is prob of picking 1 l and 2 n?",But the increase slowed over time.,34624.6,1074598.8
2026-04-11 11:35:44,700,1,"Question:
What is prob of picking 1 l and 2 n?",I have a few tips to share before you call.,34624.6,1074598.8
2026-04-11 11:35:44,700,1,"Question:
What is the third biggest value in 0.5, -1/2, 3?
Answer:
-1/2",Let?s see what would look nice with the necklace and I think this one would look nice as a centerpiece.,34624.6,1074598.8
2026-04-11 11:35:44,700,1,"Question:
What is prob of picking 1 p and 2 v when three letters picked without replacement from {p: 3, v: 4}?
Answer:
6/35",This one looks a little too blue here.,34624.6,1074598.8
2026-04-11 11:35:44,700,1,"Question:
What is prob of picking 1 u and 2 v when three letters picked without replacement from {v: 3, u: 4}?
Answer:
12/35","Right now, it's just a very cute idea.",34624.6,1074598.8
2026-04-11 11:35:44,700,1,"Question:
What is the third biggest value in 0.4, -1/2, 3?
Answer:
-1/2",I'm going to put that in to and there you have your basic Korean meal vegetarian.,34624.6,1074598.8
2026-04-11 11:35:44,700,1,"Question:
What is the third biggest value in 0.4, -1/3, -2?
Answer:
-2",May your fantasies of today be your realities of tomorrow.,34624.6,1074598.8
2026-04-11 11:35:44,700,1,"Question:
What is prob of picking 1 y and 2 w when three letters picked without replacement from {y: 3, w: 4}?",This is in front of your body.,34624.6,1074598.8
2026-04-11 11:35:44,700,1,"Question:
What is the third biggest value in 0.4, -1/3, 2?
Answer:
-1/3","But if you come across your pile, and it hasn't done those things, then you're going to want to turn your pile.",34624.6,1074598.8
2026-04-11 11:35:44,700,1,"Question:
What is the third biggest value in 0.1, -3/4, 2?
Answer:
-3/4",The business agreement would be in regards to the certification program.,34624.6,1074598.8
2026-04-11 11:35:44,700,1,"Question:
What is prob of picking 1 u and 2 v when three letters picked without replacement from {u: 4, v: 3}?
Answer:
12/35",We can get a little different perspective.,34624.6,1074598.8
2026-04-11 11:35:44,700,1,"Question:
What is the third biggest value in 0.5, -1/4, 2?
Answer:
-1/4",Just keep then gently falling down.,34624.6,1074598.8
2026-04-11 11:35:44,700,1,"Question:
What is the third biggest value in 0.5, -1/4, -2?
Answer:
-2",I'll show you.,34624.6,1074598.8
2026-04-11 11:35:44,700,1,"Question:
What is the third biggest value in 0.4, -1/3, 2?
Answer:
-1/3","Do about, depending on the amount of weight you're doing if you're going real heavy do about eight to ten reps.",34624.6,1074598.8
2026-04-11 11:35:44,700,1,"Question:
What is prob of picking 1 u and 2 v when three letters picked without replacement from {u: 3, v: 4}?
Answer:
6/35","So remember, belly breathe is the way we're supposed to breathe.",34624.6,1074598.8
2026-04-11 11:35:44,700,1,"Question:
What is the third biggest value in 0.1, -2/3, 4?",Canada is leading 2 to 1.,34624.6,1074598.8
2026-04-11 11:35:44,700,1,"Question:
What is the third biggest value in 0.5, -1/3, 2?
Answer:
-1/3",You want to just kinda take it easy and then use more paint as you start filling in your details.,34624.6,1074598.8
2026-04-11 11:35:44,700,1,"Question:
What is the third biggest value in 0.5, -1/3, 2?
Answer:
-1/3",The principles of Aikido can be applied to daily life in many different situations.,34624.6,1074598.8
2026-04-11 11:35:44,700,1,"Question:
What is prob of picking 1 y and 2 w when three letters picked without replacement from {y: 4, w: 3}?
Answer:
12/35",This is Zephyr Clarke-Dolberg and this has been how to walk a dog.,34624.6,1074598.8
2026-04-11 11:35:44,700,1,"Question:
What is prob of picking 1 h and 2 w when three letters picked without replacement from {w: 3, h: 4}?
Answer:
12/35",And the half volley is one of those shots.,34624.6,1074598.8
2026-04-11 11:35:44,700,1,"Question:
What is the third biggest value in 0.4, -1/3, -2?
Answer:
-2","Right -- first one, always stand in the Wu Chi posture.",34624.6,1074598.8
2026-04-11 11:35:44,700,1,"Question:
What is the third biggest value in 0.4, -1/2, 3?
Answer:
-1/2",The next point you're going to use for the lower legs especially is inner courtyard or stomach 44.,34624.6,1074598.8
2026-04-11 11:35:44,700,1,"Question:
What is the third biggest value in 0.1, -2/7, 3?
Answer:
-2/7",And the top should be a little bit darker than the bottom.,34624.6,1074598.8
2026-04-11 11:35:44,700,1,"Question:
What is the third biggest value in 0.4, -1/2, 3?
Answer:
-1/2","If not, you can also serve this in a highball glass.",34624.6,1074598.8
2026-04-11 11:35:44,700,1,"Question:
What is prob of picking 1 u and 2 v when three letters picked without replacement from {u: 4, v: 3}?
Answer:
12/35","Basically, you have two directions that we're going to be talking about.",34624.6,1074598.8
2026-04-11 11:35:44,700,1,"Question:
What is prob of picking 1 y and 2 n?",It is kind of a silent killer.,34624.6,1074598.8
2026-04-11 11:35:44,700,1,"Question:
Calculate prob of picking 1 u and 2 v when three letters picked without replacement from {u: 3, v: 4}.
Answer:
18/35",You want to impress the company and the boss.,34624.6,1074598.8
2026-04-11 11:35:44,700,1,"Question:
What is the common denominator of 1/(-2) - (0 + (-3)/6)?
Answer:
4",Your language.,34624.6,1074598.8
2026-04-11 11:35:44,700,1,"Question:
What is the next term in 0, -2, -4, -6, -8?","Now, we're just going to come down and do his shoulders, just like that.",34624.6,1074598.8
2026-04-11 11:35:44,700,1,"Question:
What is the third biggest value in 0.4, -1/2, 3?
Answer:
-1/2","Let's pull this up...and out, like so.",34624.6,1074598.8
2026-04-11 11:35:44,700,1,"Question:
What is prob of picking 1 h and 3 m when four letters picked without replacement from {h: 2, m: 4}?
Answer:
8/15",But there's no indication if he actually showed up.,34624.6,1074598.8
2026-04-11 11:35:44,700,1,"Question:
What is the third biggest value in 0.5, -2/3, 1?
Answer:
-2/3",He's trying to sell a straight or a flush or a straight flush or a royal flush.,34624.6,1074598.8
2026-04-11 11:35:44,700,1,"Question:
What is the third biggest value in 0.1, -2/3, 4?","So, I wouldn't want you to miss out on this opportunity!",34624.6,1074598.8
2026-04-11 11:35:44,700,1,"Question:
What is the third biggest value in 0.5, -1/3, 2?
Answer:
-1/3",We discussed and looked into why some got an alert while others did not.,34624.6,1074598.8
2026-04-11 11:35:44,700,1,"Question:
What is the third biggest value in 0.5, -1/2, 3?
Answer:
-1/2",And now it's sucked on there.,34624.6,1074598.8
2026-04-11 11:35:44,700,1,"Question:
What is the third biggest value in 0.4, -1/3, 2?
Answer:
-1/3","So, walking with your dog, you always want to make sure that you are the leader you're in the front.",34624.6,1074598.8
2026-04-11 11:35:44,700,1,"Question:
What is prob of picking 1 h and 2 w when three letters picked without replacement from {h: 4, w: 3}?
Answer:
12/35","And for her, it got her an Academy Award.",34624.6,1074598.8
2026-04-11 11:35:44,700,1,"Question:
What is prob of picking 1 h and 2 w when three letters picked without replacement from {w: 3, h: 4}?
Answer:
12/35",Just gradually do it.,34624.6,1074598.8
2026-04-11 11:35:44,700,1,"Question:
What is prob of picking 1 l and 2 n?",See how many in a row you can make.,34624.6,1074598.8
2026-04-11 11:35:44,700,1,"Question:
What is prob of picking 1 l and 2 n when three letters picked without replacement from {n: 3, l: 4}?
Answer:
12/35",If it's harder to balance you can come and take one hand to the wall.,34624.6,1074598.8
2026-04-11 11:35:44,700,1,"Question:
What is prob of picking 1 y and 2 n?",The cats don't even have to chase them.,34624.6,1074598.8
2026-04-11 11:35:44,700,1,"Question:
What is the third biggest value in 0.1, -2/3, 4?
Answer:
-2/3",It is about 30 miles away from where I'm located.,34624.6,1074598.8
2026-04-11 11:35:44,700,1,"Question:
What is prob of picking 1 h and 2 n?",Your language.,34624.6,1074598.8
2026-04-11 11:35:44,700,1,"Question:
What is the third biggest value in 0.5, -2/3, 1?
Answer:
-2/3",Know that those are some of the pitfalls so that you might avoid them.,34624.6,1074598.8
2026-04-11 11:35:44,700,1,"Question:
What is the common denominator of 1/(-2) - (0 + (-3)/6) and 7/4?",I've now been here for four years as a full-time staff Certified Deaf Interpreter.,34624.6,1074598.8
2026-04-11 11:35:44,700,1,"Question:
What is the third biggest value in 0.4, -1/2, 3?
Answer:
-1/2","I like this little wrist sling, it gives you comfort when you're holding the bow.",34624.6,1074598.8
2026-04-11 11:35:44,700,1,"Question:
What is the third biggest value in 0.5, -1/2, 3?
Answer:
-1/2",And I wrote the history the best I could.,34624.6,1074598.8
2026-04-11 11:35:44,700,1,"Question:
What is the third biggest value in 0.5, -2/3, 1?
Answer:
-2/3","And what you're going to do is you're going to pull one of the dumbbells up into your rib cage, shifting your weight back and forth.",34624.6,1074598.8
2026-04-11 11:35:44,700,1,"Question:
What is prob of picking 1 u and 2 v when three letters picked without replacement from {u: 3, v: 4}?
Answer:
18/35",Here are the stories for today.,34624.6,1074598.8
2026-04-11 11:35:44,700,1,"Question:
Calculate prob of picking 1 l and 2 n when three letters picked without replacement from {n: 3, l: 4}.
Answer:
9/20",It has already popped on me twice; really really big.,34624.6,1074598.8
2026-04-11 11:35:44,700,1,"Question:
What is the third biggest value in 0.4, -1/2, 3?
Answer:
-1/2",Check out Snowball the dancing cockatoo!,34624.6,1074598.8
2026-04-11 11:35:44,700,1,"Question:
What is the third biggest value in 0.4, -1/2, 3?
Answer:
-1/2",But we have plenty in the woods.,34624.6,1074598.8
2026-04-11 11:35:44,700,1,"Question:
What is the third biggest value in 0.5, -2/3, 1?
Answer:
-2/3","The nice thing about the circle hook is, you don't gut hook a lot of fish.",34624.6,1074598.8
2026-04-11 11:35:44,700,1,"Question:
What is the third biggest value in 0.5, -2/3, 1?
Answer:
-2/3","Once that happens, there you have it, breaking the press.",34624.6,1074598.8
2026-04-11 11:35:44,700,1,"Question:
What is the third biggest value in 0.1, -2/7, 3?
Answer:
-2/7",I'm here to discuss short curly locks with you.,34624.6,1074598.8
2026-04-11 11:35:44,700,1,"Question:
What is the third biggest value in 0.1, -2/7, 3?
Answer:
-2/7",And breathing in through the nose and breathing out through the mouth.,34624.6,1074598.8
2026-04-11 11:35:44,700,1,"Question:
What is the third biggest value in 0.4, -1/3, 2?
Answer:
-1/3","With correct structure, and correct relaxation, you build on tensile strength.",34624.6,1074598.8
2026-04-11 11:35:44,700,1,"Question:
What is prob of picking 1 y and 2 w when three letters picked without replacement from {y: 4, w: 3}?
Answer:
12/35",And it was a little independent movie.,34624.6,1074598.8
2026-04-11 11:35:44,700,1,"Question:
What is the common denominator of 1/(-2) - (0 + (-3)/6)?",Getting older you start to fade away.,34624.6,1074598.8
2026-04-11 11:35:44,700,1,"Question:
What is the third biggest value in 0.4, -1/3, 2?
Answer:
-1/3",So I was an ex-KGB guy running around trying to kill Crockett and Tubbs with a machine gun for most of the show.,34624.6,1074598.8
2026-04-11 11:35:44,700,1,"Question:
What is the third biggest value in 0.5, -1/4, -2?
Answer:
-2",You want there to be no bruising or no big dents and you want it to be bright red.,34624.6,1074598.8
2026-04-11 11:35:44,700,1,"Question:
What is the third biggest value in 0.5, -1/3, 2?
Answer:
-1/3","That more or less covers it, just be careful because your birds are very small and much more sensitive to chemicals then many other pets are.",34624.6,1074598.8
2026-04-11 11:35:44,700,1,"Question:
What is the third biggest value in 0.4, -1/3, 2?
Answer:
-1/3","Punch it out, and do the same thing with the smaller flower.",34624.6,1074598.8
2026-04-11 11:35:44,700,1,"Question:
What is the third biggest value in 0.1, -2/3, 5?
Answer:
-2/3","Again, this is something that you can do at home.",34624.6,1074598.8
2026-04-11 11:35:44,700,1,"Question:
What is the third biggest value in 0.4, -1/3, 2?
Answer:
-1/3","As I go down and up in a squat position, I have to resist the tubing, right?",34624.6,1074598.8
2026-04-11 11:35:44,700,1,"Question:
Calculate prob of picking 1 l and 2 m when three letters picked without replacement from {l: 3, m: 4}. What is prob of picking 2 m?","We must support ALL people with disabilities, regardless if they are deaf blind or wheelchair bound.",34624.6,1074598.8
2026-04-11 11:35:44,700,1,"Question:
What is the third biggest value in 0.4, -1/3, 2?
Answer:
-1/3","So, one of the best way we can do a cleanse or to feel better and more energized is just through breathing.",34624.6,1074598.8
2026-04-11 11:35:44,700,1,"Question:
What is the third biggest value in 0.5, -1/3, 2?
Answer:
-1/3",So that business agreement was never finalized.,34624.6,1074598.8
2026-04-11 11:35:44,700,1,"Question:
What is the third biggest value in 0.1, -2/7, 3?
Answer:
-2/7",The easiest way to repair these is Duct tape.,34624.6,1074598.8
2026-04-11 11:35:44,700,1,"Question:
What is the third biggest value in 0.5, -2/3, 1?
Answer:
-2/3",Now you'll notice that our workbench here in the shop is made of metal.,34624.6,1074598.8
2026-04-11 11:35:44,700,1,"Question:
What is the third biggest value in 0.5, -1/4, 2?
Answer:
-1/4","You never pet a dog when he is afraid, because that will make him more afraid.",34624.6,1074598.8
2026-04-11 11:35:44,700,1,"Question:
What is the third biggest value in 0.5, -1/3, 2?
Answer:
-1/3",We've each rolled one card we've had a betting round.,34624.6,1074598.8
2026-04-11 11:35:44,700,1,"Question:
What is the third biggest value in 0.1, -2/7, 3?
Answer:
-2/7","Today, I'm going to show you how to run a macro in Excel from Access.",34624.6,1074598.8
2026-04-11 11:35:44,700,1,"Question:
What is prob of picking 1 n and 2 v when three letters picked without replacement from {n: 3, v: 5}?
Answer:
15/56",But house Democrats and other critics say that's not enough.,34624.6,1074598.8
2026-04-11 11:35:44,700,1,"Question:
What is the third biggest value in 0.1, -2/7, 3?
Answer:
-2/7",A fire hose is almost impossible to bend when water is flowing through it.,34624.6,1074598.8
2026-04-11 11:35:44,700,1,"Question:
What is the third biggest value in 0.5, -1/4, -2?
Answer:
-2",It will prevent any spotting and any errors that could occur.,34624.6,1074598.8
2026-04-11 11:35:44,700,1,"Question:
What is prob of picking 1 u and 2 v when three letters picked without replacement from {v: 3, u: 4}?
Answer:
12/35",Sometimes you just get little pieces of clay.,34624.6,1074598.8
2026-04-11 11:35:44,700,1,"Question:
What is prob of picking 1 u and 2 v when three letters picked without replacement from {u: 4, v: 3}?
Answer:
12/35",Never really closes even though there’s a lot of snow or bad storm.,34624.6,1074598.8
2026-04-11 11:35:44,700,1,"Question:
What is the third biggest value in 0.1, -2/3, 5?
Answer:
-2/3","Again, I just want to remind you that this is just a demonstration.",34624.6,1074598.8
2026-04-11 11:35:44,700,1,"Question:
What is the third biggest value in 0.4, -1/2, 3?
Answer:
-1/2",Do it very mechanically at first and then slowly soften it out as you feel comfortable.,34624.6,1074598.8
2026-04-11 11:35:44,700,1,"Question:
What is prob of picking 1 y and 2 w when three letters picked without replacement from {y: 5, w: 3}?
Answer:
15/56",If in this position he's going to stack me.,34624.6,1074598.8
2026-04-11 11:35:44,700,1,"Question:
Calculate prob of picking 1 l and 3 s when four letters picked without replacement from {l: 2, s: 4}.
Answer:
8/15","If you have any questions, please contact NAD.",34624.6,1074598.8
2026-04-11 11:35:44,700,1,"Question:
What is the common denominator of 1/(-2) - (0 + (-3)/6)?",These are just a few and there are a more.,34624.6,1074598.8
2026-04-11 11:35:44,700,1,"Question:
What is the third biggest value in 0.4, -1/2, 3?
Answer:
-1/2",You'll notice that I still have the chain over my horse's nose.,34624.6,1074598.8
2026-04-11 11:35:44,700,1,"Question:
What is the third biggest value in 0.5, -2/3, 1?
Answer:
-2/3",I'm just going to start kinda tapping it on and getting the wall color on there.,34624.6,1074598.8
2026-04-11 11:35:44,700,1,"Question:
What is the common denominator of 1/(-2) - (0 + (-3)/6) and 7/4?",I bet it's a big weight off my shoulders!,34624.6,1074598.8
2026-04-11 11:35:44,700,1,"Question:
What is the third biggest value in 0.5, -1/3, 2?
Answer:
-1/3","This is basically two half-hitches put together, and this is just a clove hitch.",34624.6,1074598.8
2026-04-11 11:35:44,700,1,"Question:
What is the third biggest value in 0.1, -2/7, 3?
Answer:
-2/7",Here we are in test chamber 08.,34624.6,1074598.8
2026-04-11 11:35:44,700,1,"Question:
What is the third biggest value in 0.4, -1/3, 2?
Answer:
-1/3","If you want legislative training, please feel free to contact us.",34624.6,1074598.8
2026-04-11 11:35:44,700,1,"Question:
What is the third biggest value in 0.1, -2/3, 4?",We have many projects and efforts to spread awareness in October.,34624.6,1074598.8
2026-04-11 11:35:44,700,1,"Question:
What is prob of picking 1 l and 2 n when three letters picked without replacement from {n: 3, l: 4}?
Answer:
12/35",And that is how to lighten your hair at home.,34624.6,1074598.8
2026-04-11 11:35:44,700,1,"Question:
What is prob of picking 1 y and 2 w when three letters picked without replacement from {y: 3, w: 4}?",SIG HAUER: And welcome to our video.,34624.6,1074598.8
2026-04-11 11:35:44,700,1,"Question:
What is the third biggest value in 0.4, -1/3, 2?
Answer:
-1/3","Another way to do this, is to take two really hard sticks, duct tape them on there together.",34624.6,1074598.8
2026-04-11 11:35:44,700,1,"Question:
What is the third biggest value in 0.5, -1/4, 2?
Answer:
-1/4",This motion is nice and small in an ever shrinking circle going gently past his forearm down into the ground.,34624.6,1074598.8
2026-04-11 11:35:44,700,1,"Question:
What is the third biggest value in 0.4, -2/3, 1?
Answer:
-2/3","Hi I'm Lauren, I'm going to be discussing how to add natural highlights at home.",34624.6,1074598.8
2026-04-11 11:35:44,700,1,"Question:
What is the third biggest value in 0.1, -3/4, 2?
Answer:
-3/4","I'm cutting these down, I'm going to cut all the way through.",34624.6,1074598.8
2026-04-11 11:35:44,700,1,"Question:
What is the third biggest value in 0.4, -1/2, 3?
Answer:
-1/2",Also explain your life experience as a deaf person to help them understand from your perspective.,34624.6,1074598.8
2026-04-11 11:35:44,700,1,"Question:
What is the third biggest value in 0.5, -2/3, 1?
Answer:
-2/3",The longer the larger the diameter the looser the weight is going to be.,34624.6,1074598.8
2026-04-11 11:35:44,700,1,"Question:
What is the third biggest value in 0.1, -2/3, 4?",Mark your calendars!,34624.6,1074598.8
2026-04-11 11:35:44,700,1,"Question:
What is prob of picking 1 u and 2 v when three letters picked without replacement from {u: 4, v: 3}?
Answer:
12/35",So it's just a way of taking a ball.,34624.6,1074598.8
2026-04-11 11:35:44,700,1,"Question:
Calculate prob of picking 1 l and 2 v when three letters picked without replacement from {l: 3, v: 4}.
Answer:
9/20","It's called the Hi Bed, described as a second generation smart bed.",34624.6,1074598.8
2026-04-11 11:35:44,700,1,"Question:
What is the third biggest value in 0.1, -2/7, 3?
Answer:
-2/7","Forward, and one more safety point for you, we never want the spine rounded.",34624.6,1074598.8
2026-04-11 11:35:44,700,1,"Question:
What is prob of picking 1 h and 3 n when four letters picked without replacement from {n: 4, h: 2}?
Answer:
8/15",We recognize every government program deals with fraud.,34624.6,1074598.8
2026-04-11 11:35:44,700,1,"Question:
What is the third biggest value in -0.1, 2/7, -3?
Answer:
-3",There was also a war going on at the time between Russia and Ukraine.,34624.6,1074598.8
2026-04-11 11:35:44,700,1,"Question:
What is prob of picking 1 y and 2 w when three letters picked without replacement from {y: 4, w: 3}?","So, this line here is not touching.",34624.6,1074598.8
2026-04-11 11:35:44,700,1,"Question:
What is the third biggest value in 0.5, -2/3, 1?
Answer:
-2/3",Now I'm getting ready to use our shampoo to bring the pH balance down.,34624.6,1074598.8
2026-04-11 11:35:44,700,1,"Question:
What is the third biggest value in 0.4, -1/3, 2?
Answer:
-1/3","And then you just cross reference your data and you'll come up with the actual real temperature, real life temperature that you have to dress for.",34624.6,1074598.8
2026-04-11 11:35:44,700,1,"Question:
What is the third biggest value in 0.5, -1/4, -2?
Answer:
-2","You want to go down with the bar, come up.",34624.6,1074598.8
2026-04-11 11:35:44,700,1,"Question:
What is the third biggest value in 0.5, -1/2, 3?
Answer:
-1/2","Finally, I hope you're going to hand out lots and lots of flyers.",34624.6,1074598.8
2026-04-11 11:35:44,700,1,"Question:
What is the third biggest value in 0.1, -2/3, 4?
Answer:
-2/3",Like a cat might dig through the bars if they are small enough and be able to grab hold of the bird.,34624.6,1074598.8
2026-04-11 11:35:44,700,1,"Question:
What is the third biggest value in 0.4, -1/3, 2?
Answer:
-1/3",Today is the 19th anniversary of the September 11 terrorist attacks.,34624.6,1074598.8
2026-04-11 11:35:44,700,1,"Question:
What is prob of picking 1 y and 2 w when three letters picked without replacement from {y: 3, w: 4}?",We are talking about weight loss tips.,34624.6,1074598.8
2026-04-11 18:16:25,1000,2,"Question:
What is the next term in 0, -2, -4, -6, -8?","That will give you more balance and support as you perform, alright?",54330.4,1164029.2
2026-04-11 18:16:25,1000,2,"Question:
What is prob of picking 1 h and 2 n when three letters picked without replacement from {n: 3, h: 4}?
Answer:
12/35","SIG HAUER: That mu point, particular point is referred to as Yin Ton.",54330.4,1164029.2
2026-04-11 18:16:25,1000,2,"Question:
Calculate prob of picking 1 p and 2 w when three letters picked without replacement from {w: 4, v: 3, p: 5}.
Answer:
6/143",The author said that the name would be long to type.,54330.4,1164029.2
2026-04-11 18:16:25,1000,2,"Question:
What is prob of picking 1 l and 2 n?",Welcome to Sign1News.,54330.4,1164029.2
2026-04-11 18:16:25,1000,2,"Question:
What is the next term in 0, -2, -4, -6, -8?","Now a hitch, technically, isn't a knot, but it falls in the same category of kind of the macrame style.",54330.4,1164029.2
2026-04-11 18:16:25,1000,2,"Question:
What is prob of picking 1 m and 2 w when three letters picked without replacement from {m: 3, w: 4}?
Answer:
9/20","I admit, I never expected to be an interpreter growing up, much less realize interpreting could be a paying job!",54330.4,1164029.2
2026-04-11 18:16:25,1000,2,"Question:
What is prob of picking 1 n and 2 v when three letters picked without replacement from {n: 3, v: 4}?
Answer:
9/35","Lawmakers are getting in on the protest too, demanding answers.",54330.4,1164029.2
2026-04-11 18:16:25,1000,2,Question: Which of the following is not a cause for scoliosis?,We're just eyeballing this right now.,54330.4,1164029.2
2026-04-11 18:16:25,1000,2,"Question:
What is the common denominator of 1/4 and -43/8?",We're going to name this macro one just say okay.,54330.4,1164029.2
2026-04-11 18:16:25,1000,2,"Question:
What is the third biggest value in 1, -0.3, 2/7?",Next we are going to be talking about the edge of a snowboard.,54330.4,1164029.2
2026-04-11 18:16:25,1000,2,"Question:
What is the next term in 0, -2, -4, -6, -8?",You're going to do an half an ounce of blue Curacao.,54330.4,1164029.2
2026-04-11 18:16:25,1000,2,"Question:
What is the next term in 0, -2, -4, -6?","Now, depending on the size of the sponsorship, you can offer quarter page, half page, or full-page ads.",54330.4,1164029.2
2026-04-11 18:16:25,1000,2,"Question:
What is the common denominator of 1/4 and -43/8?",You need to be very careful when cleaning their cages if these birds are flighted.,54330.4,1164029.2
2026-04-11 18:16:25,1000,2,"Question:
What is the common denominator of 1/(-2) - (0 + (-4)/8) and ((-6)/10)/(3/(45/5))?",If we think that we need to deal with the situation a little bit more directly we can just go off the attack immediately.,54330.4,1164029.2
2026-04-11 18:16:25,1000,2,Question: Which of the following is not a characteristic feature of Alzheimer's disease?,"I mean, I liked school but I never thought about life beyond school.",54330.4,1164029.2
2026-04-11 18:16:25,1000,2,"Question:
What is prob of picking 1 l and 2 n?",I want to meet various people on an international level.,54330.4,1164029.2
2026-04-11 18:16:25,1000,2,"Question:
What is the next term in 0, -2, -4, -6?",We are talking about what hairstyles suit a diamond shape face.,54330.4,1164029.2
2026-04-11 18:16:25,1000,2,"Question:
What is the common denominator of 1/4 and -43/8?",It's going to find out how much that bank can lend you.,54330.4,1164029.2
2026-04-11 18:16:25,1000,2,"Question:
What is the common denominator of 1/(-2) - (0 + (-4)/8) and ((-6)/10)/(3/(45/12))?
Answer:
20","But primarily, I'll be talking about it from the standpoint of traditional story.",54330.4,1164029.2
2026-04-11 18:16:25,1000,2,"Question:
What is the common denominator of 1/4 and -43/8?",I don't want too much paint on the wall.,54330.4,1164029.2
2026-04-11 18:16:25,1000,2,"Question:
What is the third biggest value in 0.5, -1/4, 3?
Answer:
-1/4","It's going to be a little bit of a cold shower, but it seals the cuticle.",54330.4,1164029.2
2026-04-11 18:16:25,1000,2,"Question:
What is the third biggest value in 0.4, -1/3, 2?","And now, we have to extend it.",54330.4,1164029.2
2026-04-11 18:16:25,1000,2,"Question:
What is the common denominator of 1/4 and -43/8?",This was my first introduction to it and I got sides.,54330.4,1164029.2
2026-04-11 18:16:25,1000,2,"Question:
What is the next term in 0, -3, -6, -9, -12?",So I was going through my large beads here and I was looking to see which one would match up nicely.,54330.4,1164029.2
2026-04-11 18:16:25,1000,2,"Question:
What is the common denominator of 1/(-2) - (0 + (-3)/6) and ((-8)/10)/(4/5)?
Answer:
20","See if you'd hit it from here, there's a possibility that it could tip.",54330.4,1164029.2
2026-04-11 18:16:25,1000,2,"Question:
What is prob of picking 1 u and 2 v when three letters picked without replacement from {u: 3, v: 4}?
Answer:
9/20",I think my love of animals really inspired me to become a full-time photographer.,54330.4,1164029.2
2026-04-11 18:16:25,1000,2,"Question:
What is the third biggest value in 0.1, -2/3, 4?",That was my first job.,54330.4,1164029.2
2026-04-11 18:16:25,1000,2,"Question:
What is the common denominator of 1/(-2) - (0 + (-3)/9) and ((-6)/8)/(4*(-5)/100)?
Answer:
12","Some people have faced obstacles trying to evacuate, with no avail.",54330.4,1164029.2
2026-04-11 18:16:25,1000,2,"Question:
What is prob of picking 1 u and 2 v when three letters picked without replacement from {v: 3, u: 4}?
Answer:
12/35",But the increase slowed over time.,54330.4,1164029.2
2026-04-11 18:16:25,1000,2,"Question:
What is prob of picking 1 l and 2 v when three letters picked without replacement from {l: 3, v: 4}?
Answer:
9/20",I have a few tips to share before you call.,54330.4,1164029.2
2026-04-11 18:16:25,1000,2,"Question:
What is the third biggest value in 0.4, -1/3, 2?",Let?s see what would look nice with the necklace and I think this one would look nice as a centerpiece.,54330.4,1164029.2
2026-04-11 18:16:25,1000,2,"Question:
What is the common denominator of 1/4 and -41/8?",This one looks a little too blue here.,54330.4,1164029.2
2026-04-11 18:16:25,1000,2,Question: Which of the following is not a cause for scoliosis?,"Right now, it's just a very cute idea.",54330.4,1164029.2
2026-04-11 18:16:25,1000,2,"Question:
What is the next term in 0, -2, -4, -6?",I'm going to put that in to and there you have your basic Korean meal vegetarian.,54330.4,1164029.2
2026-04-11 18:16:25,1000,2,"Question:
What is the common denominator of 1/4 and -43/8?",May your fantasies of today be your realities of tomorrow.,54330.4,1164029.2
2026-04-11 18:16:25,1000,2,"Question:
What is the third biggest value in 0.4, -1/3, 2?",This is in front of your body.,54330.4,1164029.2
2026-04-11 18:16:25,1000,2,"Question:
What is the common denominator of 1/(-2) - (0 + (-3)/6) and 7/4?","But if you come across your pile, and it hasn't done those things, then you're going to want to turn your pile.",54330.4,1164029.2
2026-04-11 18:16:25,1000,2,"Question:
Calculate prob of picking 1 u and 2 v when three letters picked without replacement from {v: 3, u: 4}.
Answer:
9/20",The business agreement would be in regards to the certification program.,54330.4,1164029.2
2026-04-11 18:16:25,1000,2,"Question:
What is the third biggest value in 1, -0.3, 2/7?",We can get a little different perspective.,54330.4,1164029.2
2026-04-11 18:16:25,1000,2,"Question:
What is the common denominator of 1/4 and -41/8?",Just keep then gently falling down.,54330.4,1164029.2
2026-04-11 18:16:25,1000,2,"Question:
What is the common denominator of 1/4 and -43/8?",I'll show you.,54330.4,1164029.2
2026-04-11 18:16:25,1000,2,"Question:
What is the third biggest value in 0.4, -1/3, 2?","Do about, depending on the amount of weight you're doing if you're going real heavy do about eight to ten reps.",54330.4,1164029.2
2026-04-11 18:16:25,1000,2,"Question:
What is the common denominator of 1/4 and -43/8?","So remember, belly breathe is the way we're supposed to breathe.",54330.4,1164029.2
2026-04-11 18:16:25,1000,2,Question: Which of the following is not a feature of schizophrenia?,Canada is leading 2 to 1.,54330.4,1164029.2
2026-04-11 18:16:25,1000,2,"Question:
What is the third biggest value in 0.5, -2/3, 1?",You want to just kinda take it easy and then use more paint as you start filling in your details.,54330.4,1164029.2
2026-04-11 18:16:25,1000,2,"Question:
What is the common denominator of 1/4 and -43/8?",The principles of Aikido can be applied to daily life in many different situations.,54330.4,1164029.2
2026-04-11 18:16:25,1000,2,"Question:
What is the third biggest value in 1, -0.3, 2/7?",This is Zephyr Clarke-Dolberg and this has been how to walk a dog.,54330.4,1164029.2
2026-04-11 18:16:25,1000,2,Question: Which of the following is not a cause for scoliosis?,And the half volley is one of those shots.,54330.4,1164029.2
2026-04-11 18:16:25,1000,2,"Question:
What is the common denominator of 1/4 and -43/8?","Right -- first one, always stand in the Wu Chi posture.",54330.4,1164029.2
2026-04-11 18:16:25,1000,2,"Question:
What is the third biggest value in 0.5, -2/3, 1?",The next point you're going to use for the lower legs especially is inner courtyard or stomach 44.,54330.4,1164029.2
2026-04-11 18:16:25,1000,2,"Question:
What is the next term in 0, -2, -4, -6?",And the top should be a little bit darker than the bottom.,54330.4,1164029.2
2026-04-11 18:16:25,1000,2,"Question:
What is the common denominator of 1/4 and -43/8?","If not, you can also serve this in a highball glass.",54330.4,1164029.2
2026-04-11 18:16:25,1000,2,"Question:
What is the next term in 0, -2, -4, -6?","Basically, you have two directions that we're going to be talking about.",54330.4,1164029.2
2026-04-11 18:16:25,1000,2,"Question:
What is the common denominator of 1/4 and -43/8?",It is kind of a silent killer.,54330.4,1164029.2
2026-04-11 18:16:25,1000,2,"Question:
What is prob of picking 1 l and 2 n?",You want to impress the company and the boss.,54330.4,1164029.2
2026-04-11 18:16:25,1000,2,"Question:
What is prob of picking 1 l and 2 n?",Your language.,54330.4,1164029.2
2026-04-11 18:16:25,1000,2,"Question:
What is the third biggest value in 0.4, -1/3, 2?","Now, we're just going to come down and do his shoulders, just like that.",54330.4,1164029.2
2026-04-11 18:16:25,1000,2,"Question:
What is the next term in 0, -2, -4, -6?","Let's pull this up...and out, like so.",54330.4,1164029.2
2026-04-11 18:16:25,1000,2,"Question:
What is the common denominator of 1/(-2) - (0 + (-3)/6) and ((-4)/10)/(12/15)?
Answer:
30",But there's no indication if he actually showed up.,54330.4,1164029.2
2026-04-11 18:16:25,1000,2,"Question:
What is the common denominator of 1/(-2) - (0 + (-3)/6) and 43/4?",He's trying to sell a straight or a flush or a straight flush or a royal flush.,54330.4,1164029.2
2026-04-11 18:16:25,1000,2,Question: Which of the following is not a risk factor for breast cancer?,"So, I wouldn't want you to miss out on this opportunity!",54330.4,1164029.2
2026-04-11 18:16:25,1000,2,"Question:
Calculate prob of picking 1 p and 2 v when three letters picked without replacement from {p: 3, v: 4}.
Answer:
9/20",We discussed and looked into why some got an alert while others did not.,54330.4,1164029.2
2026-04-11 18:16:25,1000,2,Question: Which of the following is not a cause for acute appendicitis?,And now it's sucked on there.,54330.4,1164029.2
2026-04-11 18:16:25,1000,2,"Question:
What is the common denominator of 1/(-2) - (0 + (-3)/6) and 7/4?","So, walking with your dog, you always want to make sure that you are the leader you're in the front.",54330.4,1164029.2
2026-04-11 18:16:25,1000,2,Question: Which of the following is not a cause for acute appendicitis?,"And for her, it got her an Academy Award.",54330.4,1164029.2
2026-04-11 18:16:25,1000,2,"Question:
What is the common denominator of 1/4 and -37/8?",Just gradually do it.,54330.4,1164029.2
2026-04-11 18:16:25,1000,2,"Question:
What is the common denominator of 1/4 and -43/8?",See how many in a row you can make.,54330.4,1164029.2
2026-04-11 18:16:25,1000,2,"Question:
What is the next term in 0, -2, -4, -6, -8?",If it's harder to balance you can come and take one hand to the wall.,54330.4,1164029.2
2026-04-11 18:16:25,1000,2,Question: Which of the following is not a cause for scoliosis?,The cats don't even have to chase them.,54330.4,1164029.2
2026-04-11 18:16:25,1000,2,"Question:
What is prob of picking 1 l and 2 n when three letters picked without replacement from {n: 3, l: 4}?
Answer:
12/35",It is about 30 miles away from where I'm located.,54330.4,1164029.2
2026-04-11 18:16:25,1000,2,"Question:
What is prob of picking 1 l and 3 n?",Your language.,54330.4,1164029.2
2026-04-11 18:16:25,1000,2,"Question:
What is the common denominator of 1/4 and -43/8?",Know that those are some of the pitfalls so that you might avoid them.,54330.4,1164029.2
2026-04-11 18:16:25,1000,2,"Question:
What is prob of picking 1 u and 2 v when three letters picked without replacement from {u: 3, v: 4}?
Answer:
9/20",I've now been here for four years as a full-time staff Certified Deaf Interpreter.,54330.4,1164029.2
2026-04-11 18:16:25,1000,2,"Question:
What is the common denominator of 1/4 and -43/8?","I like this little wrist sling, it gives you comfort when you're holding the bow.",54330.4,1164029.2
2026-04-11 18:16:25,1000,2,"Question:
What is prob of picking 1 n and 2 v when three letters picked without replacement from {n: 3, v: 4}?
Answer:
6/35",And I wrote the history the best I could.,54330.4,1164029.2
2026-04-11 18:16:25,1000,2,"Question:
What is the next term in 0, -2, -4, -6?","And what you're going to do is you're going to pull one of the dumbbells up into your rib cage, shifting your weight back and forth.",54330.4,1164029.2
2026-04-11 18:16:25,1000,2,"Question:
What is prob of picking 1 p and 2 w?",Here are the stories for today.,54330.4,1164029.2
2026-04-11 18:16:25,1000,2,"Question:
What is the common denominator of 1/4 and -43/8?",It has already popped on me twice; really really big.,54330.4,1164029.2
2026-04-11 18:16:25,1000,2,"Question:
Calculate prob of picking 1 u and 2 v when three letters picked without replacement from {u: 4, v: 3}.
Answer:
12/35",Check out Snowball the dancing cockatoo!,54330.4,1164029.2
2026-04-11 18:16:25,1000,2,"Question:
What is the common denominator of 1/4 and -43/8?",But we have plenty in the woods.,54330.4,1164029.2
2026-04-11 18:16:25,1000,2,"Question:
What is the common denominator of 1/(-2) - (0 + (-3)/6) and 7/4?","The nice thing about the circle hook is, you don't gut hook a lot of fish.",54330.4,1164029.2
2026-04-11 18:16:25,1000,2,"Question:
What is the next term in 0, -2, -4, -6?","Once that happens, there you have it, breaking the press.",54330.4,1164029.2
2026-04-11 18:16:25,1000,2,Question: Which of the following is not used in treatment of varicose veins?,I'm here to discuss short curly locks with you.,54330.4,1164029.2
2026-04-11 18:16:25,1000,2,"Question:
What is the common denominator of 1/4 and -43/8?",And breathing in through the nose and breathing out through the mouth.,54330.4,1164029.2
2026-04-11 18:16:25,1000,2,"Question:
What is the common denominator of 1/4 and -43/8?","With correct structure, and correct relaxation, you build on tensile strength.",54330.4,1164029.2
2026-04-11 18:16:25,1000,2,Question: Which of the following is not a cause for acute appendicitis?,And it was a little independent movie.,54330.4,1164029.2
2026-04-11 18:16:25,1000,2,Question: Which of the following is not a cause for acute pancreas?,Getting older you start to fade away.,54330.4,1164029.2
2026-04-11 18:16:25,1000,2,"Question:
What is prob of picking 1 h and 2 n when three letters picked without replacement from {n: 3, h: 4}?
Answer:
12/35",So I was an ex-KGB guy running around trying to kill Crockett and Tubbs with a machine gun for most of the show.,54330.4,1164029.2
2026-04-11 18:16:25,1000,2,"Question:
What is the common denominator of 1/(-2) - (0 + (-3)/6) and ((-4)/10)/(8/20)?
Answer:
40",You want there to be no bruising or no big dents and you want it to be bright red.,54330.4,1164029.2
2026-04-11 18:16:25,1000,2,"Question:
What is the common denominator of 1/(-2) - (0 + (-4)/8) and ((-6)/10)/(3*(-5)/15)?","That more or less covers it, just be careful because your birds are very small and much more sensitive to chemicals then many other pets are.",54330.4,1164029.2
2026-04-11 18:16:25,1000,2,"Question:
What is the next term in 0, -2, -4, -6, -8?","Punch it out, and do the same thing with the smaller flower.",54330.4,1164029.2
2026-04-11 18:16:25,1000,2,"Question:
What is the next term in 0, -2, -4, -6?","Again, this is something that you can do at home.",54330.4,1164029.2
2026-04-11 18:16:25,1000,2,"Question:
What is the common denominator of 1/4 and -43/8?","As I go down and up in a squat position, I have to resist the tubing, right?",54330.4,1164029.2
2026-04-11 18:16:25,1000,2,"Question:
What is prob of picking 1 u and 2 v when three letters picked without replacement from {u: 3, v: 5}?
Answer:
15/56","We must support ALL people with disabilities, regardless if they are deaf blind or wheelchair bound.",54330.4,1164029.2
2026-04-11 18:16:25,1000,2,"Question:
What is the third biggest value in 0.5, -2/3, 1?
Answer:
-2/3","So, one of the best way we can do a cleanse or to feel better and more energized is just through breathing.",54330.4,1164029.2
2026-04-11 18:16:25,1000,2,"Question:
Calculate prob of picking 1 p and 2 v when three letters picked without replacement from {p: 3, v: 4}.
Answer:
9/20",So that business agreement was never finalized.,54330.4,1164029.2
2026-04-11 18:16:25,1000,2,"Question:
What is the common denominator of 1/4 and -61/8?",The easiest way to repair these is Duct tape.,54330.4,1164029.2
2026-04-11 18:16:25,1000,2,"Question:
What is prob of picking 1 e and 2 w when three letters picked without replacement from {e: 3, w: 5}?
Answer:
15/56",Now you'll notice that our workbench here in the shop is made of metal.,54330.4,1164029.2
2026-04-11 18:16:25,1000,2,"Question:
What is the next term in 0, -2, -4, -6, -8?","You never pet a dog when he is afraid, because that will make him more afraid.",54330.4,1164029.2
2026-04-11 18:16:25,1000,2,Question: Which of the following is not a cause for scoliosis?,We've each rolled one card we've had a betting round.,54330.4,1164029.2
2026-04-11 18:16:25,1000,2,"Question:
What is the common denominator of 1/(-2) - (0 + (-3)/6) and 7/4?","Today, I'm going to show you how to run a macro in Excel from Access.",54330.4,1164029.2
2026-04-11 18:16:25,1000,2,"Question:
Calculate prob of picking 1 p and 2 v when three letters picked without replacement from {p: 3, v: 4}.
Answer:
9/20",But house Democrats and other critics say that's not enough.,54330.4,1164029.2
2026-04-11 18:16:25,1000,2,Question: Which of the following is not a cause for acute appendicitis?,A fire hose is almost impossible to bend when water is flowing through it.,54330.4,1164029.2
2026-04-11 18:16:25,1000,2,"Question:
What is the common denominator of 1/4 and -43/8?",It will prevent any spotting and any errors that could occur.,54330.4,1164029.2
2026-04-11 18:16:25,1000,2,"Question:
What is the common denominator of 1/4 and -43/8?",Sometimes you just get little pieces of clay.,54330.4,1164029.2
2026-04-11 18:16:25,1000,2,"Question:
What is prob of picking 1 u and 2 v when three letters picked without replacement from {u: 3, v: 4}?
Answer:
9/20",Never really closes even though there’s a lot of snow or bad storm.,54330.4,1164029.2
2026-04-11 18:16:25,1000,2,"Question:
What is the common denominator of 1/(-2) - (0 + (-3)/6) and 7/4?","Again, I just want to remind you that this is just a demonstration.",54330.4,1164029.2
2026-04-11 18:16:25,1000,2,"Question:
What is the next term in 0, -2, -4, -6?",Do it very mechanically at first and then slowly soften it out as you feel comfortable.,54330.4,1164029.2
2026-04-11 18:16:25,1000,2,Question: Which of the following is not a cause for scoliosis?,If in this position he's going to stack me.,54330.4,1164029.2
2026-04-11 18:16:25,1000,2,"Question:
What is prob of picking 1 u and 2 v when three letters picked without replacement from {v: 3, u: 4}?
Answer:
9/20","If you have any questions, please contact NAD.",54330.4,1164029.2
2026-04-11 18:16:25,1000,2,Question: Which of the following is not a feature of schizophrenia?,These are just a few and there are a more.,54330.4,1164029.2
2026-04-11 18:16:25,1000,2,"Question:
What is the next term in 0, -2, -4, -6, -8?",You'll notice that I still have the chain over my horse's nose.,54330.4,1164029.2
2026-04-11 18:16:25,1000,2,"Question:
What is the third biggest value in 0.4, -1/2, 3?
Answer:
-1/2",I'm just going to start kinda tapping it on and getting the wall color on there.,54330.4,1164029.2
2026-04-11 18:16:25,1000,2,"Question:
What is prob of picking 1 l and 2 n?",I bet it's a big weight off my shoulders!,54330.4,1164029.2
2026-04-11 18:16:25,1000,2,"Question:
What is the common denominator of 1/4 and -43/8?","This is basically two half-hitches put together, and this is just a clove hitch.",54330.4,1164029.2
2026-04-11 18:16:25,1000,2,"Question:
What is the next term in 0, -2, -4, -6?",Here we are in test chamber 08.,54330.4,1164029.2
2026-04-11 18:16:25,1000,2,"Question:
Calculate prob of picking 1 p and 2 w when three letters picked without replacement from {w: 3, v: 4, p: 5}.
Answer:
9/143","If you want legislative training, please feel free to contact us.",54330.4,1164029.2
2026-04-11 18:16:25,1000,2,"Question:
What is prob of picking 1 n and 2 w when three letters picked without replacement from {w: 3, n: 4}?
Answer:
12/35",We have many projects and efforts to spread awareness in October.,54330.4,1164029.2
2026-04-11 18:16:25,1000,2,"Question:
What is the common denominator of 1/4 and -43/8?",And that is how to lighten your hair at home.,54330.4,1164029.2
2026-04-11 18:16:25,1000,2,Question: Which of the following is not a cause for scoliosis?,SIG HAUER: And welcome to our video.,54330.4,1164029.2
2026-04-11 18:16:25,1000,2,"Question:
What is the next term in 0, -3, -6, -9, -12?","Another way to do this, is to take two really hard sticks, duct tape them on there together.",54330.4,1164029.2
2026-04-11 18:16:25,1000,2,"Question:
What is the next term in 0, -2, -4, -6?",This motion is nice and small in an ever shrinking circle going gently past his forearm down into the ground.,54330.4,1164029.2
2026-04-11 18:16:25,1000,2,"Question:
What is the next term in 0, -2, -4, -6, -8?","Hi I'm Lauren, I'm going to be discussing how to add natural highlights at home.",54330.4,1164029.2
2026-04-11 18:16:25,1000,2,"Question:
What is the common denominator of 1/4 and -43/8?","I'm cutting these down, I'm going to cut all the way through.",54330.4,1164029.2
2026-04-11 18:16:25,1000,2,"Question:
What is prob of picking 1 l and 3 p when four letters picked without replacement from {l: 2, p: 4}?
Answer:
8/15",Also explain your life experience as a deaf person to help them understand from your perspective.,54330.4,1164029.2
2026-04-11 18:16:25,1000,2,"Question:
What is the common denominator of 1/(-2) - (0 + (-3)/6) and ((-8)/12)/(4/9)?
Answer:
10",The longer the larger the diameter the looser the weight is going to be.,54330.4,1164029.2
2026-04-11 18:16:25,1000,2,"Question:
What is prob of picking 1 l and 2 n?",Mark your calendars!,54330.4,1164029.2
2026-04-11 18:16:25,1000,2,"Question:
What is the third biggest value in 0.4, -1/3, 2?",So it's just a way of taking a ball.,54330.4,1164029.2
2026-04-11 18:16:25,1000,2,"Question:
What is the common denominator of 1/(-2) - (0 + (-3)/6) and ((-4)/10)/(12/15)?
Answer:
30","It's called the Hi Bed, described as a second generation smart bed.",54330.4,1164029.2
2026-04-11 18:16:25,1000,2,"Question:
What is the next term in 0, -2, -4, -6?","Forward, and one more safety point for you, we never want the spine rounded.",54330.4,1164029.2
2026-04-11 18:16:25,1000,2,"Question:
What is prob of picking 1 l and 3 p when four letters picked without replacement from {l: 2, p: 4}?
Answer:
8/15",We recognize every government program deals with fraud.,54330.4,1164029.2
2026-04-11 18:16:25,1000,2,"Question:
What is prob of picking 1 n and 2 v when three letters picked without replacement from {n: 3, v: 4}?
Answer:
9/20",There was also a war going on at the time between Russia and Ukraine.,54330.4,1164029.2
2026-04-11 18:16:25,1000,2,"Question:
What is the third biggest value in 0.4, -1/3, 2?","So, this line here is not touching.",54330.4,1164029.2
2026-04-11 18:16:25,1000,2,"Question:
What is the third biggest value in 0.5, -2/3, 1?",Now I'm getting ready to use our shampoo to bring the pH balance down.,54330.4,1164029.2
2026-04-11 18:16:25,1000,2,"Question:
What is the third biggest value in 0.5, -2/3, 1?
Answer:
-2/3","And then you just cross reference your data and you'll come up with the actual real temperature, real life temperature that you have to dress for.",54330.4,1164029.2
2026-04-11 18:16:25,1000,2,"Question:
What is the next term in 0, -2, -4, -6?","You want to go down with the bar, come up.",54330.4,1164029.2
2026-04-11 18:16:25,1000,2,"Question:
What is the common denominator of 1/4 and -43/8?","Finally, I hope you're going to hand out lots and lots of flyers.",54330.4,1164029.2
2026-04-11 18:16:25,1000,2,"Question:
What is the next term in 0, -2, -4, -6?",Like a cat might dig through the bars if they are small enough and be able to grab hold of the bird.,54330.4,1164029.2
2026-04-11 18:16:25,1000,2,"Question:
What is prob of picking 1 p and 2 w when three letters picked without replacement from {p: 3, w: 4}?
Answer:
9/20",Today is the 19th anniversary of the September 11 terrorist attacks.,54330.4,1164029.2
2026-04-11 18:16:25,1000,2,Question: Which of the following is not a cause for scoliosis?,We are talking about weight loss tips.,54330.4,1164029.2
