timestamp,global_step,epoch,source,reference,hypothesis
2026-04-20 23:51:11,80,1,how2sign,That's a good place right now for it.,arin the same way.
2026-04-20 23:51:11,80,1,how2sign,I bought this at the store and there appears to be a great deal of moisture in the actual fat.,I'm going to show you how to do it.
2026-04-20 23:51:11,80,1,how2sign,Today I am going to be showing you how to make Gourmet French Fries cooked in duck fat.,I'm going to show you how to do it.
2026-04-20 23:51:11,80,1,how2sign,But you have to have it.,arithmetic.
2026-04-20 23:51:11,80,1,how2sign,We're going to be serving it up with no ice.,I'm going to show you how to do it.
2026-04-21 12:29:37,80,1,how2sign,That's a good place right now for it.,I'm going to show you how to do it.
2026-04-21 12:29:37,80,1,how2sign,I bought this at the store and there appears to be a great deal of moisture in the actual fat.,I'm going to show you how to do it.
2026-04-21 12:29:37,80,1,how2sign,Today I am going to be showing you how to make Gourmet French Fries cooked in duck fat.,I'm going to show you how to do it.
2026-04-21 12:29:37,80,1,how2sign,But you have to have it.,I'm going to show you how to do it.
2026-04-21 12:29:37,80,1,how2sign,We're going to be serving it up with no ice.,I'm going to show you how to do it.
2026-04-21 12:29:37,80,1,how2sign,We will have to definitely adjust.,And that's it.
2026-04-21 12:29:37,80,1,openasl,I found a job working for a youth program and did so for about 12 and a half years.,And that's what we're going to do.
2026-04-21 12:29:37,80,1,how2sign,Like a cat might dig through the bars if they are small enough and be able to grab hold of the bird.,I'm going to show you how to do it.
2026-04-21 12:29:37,80,1,openasl,"Even if net neutrality is removed, the FCC will retrain the requirement for transparency.",And that's all for today's news.
2026-04-21 12:29:37,80,1,how2sign,"If it is laying loosey like this, this is just normal.",You can do it with your hands.
2026-04-21 12:29:37,80,1,openasl,Thomas grew up.,I'm going to show you how to do it.
2026-04-21 12:29:37,80,1,how2sign,Tonight we're going to work and walk you through some advance bowling techniques so you can improve your game.,And that's it for today.
2026-04-21 12:29:37,80,1,openasl,"This bridges the gap between and adds information to Youth Chapter, which is cool.",And that's the end of the video.
2026-04-21 12:29:37,80,1,how2sign,"Today, we're painting on glass.",I'm going to show you how to do it.
2026-04-21 12:29:37,80,1,how2sign,We don't have to do anything anymore.,I'm going to show you how to do it.
2026-04-21 12:29:37,80,1,how2sign,You're trying to get it off of your pot.,I'm going to show you how to do it.
2026-04-21 12:29:37,80,1,how2sign,"So, this is going to be so wonderfully tropical.",I'm going to show you how to do it.
2026-04-21 12:29:37,80,1,openasl,Also explain your life experience as a deaf person to help them understand from your perspective.,And that's what we're going to be doing.
2026-04-21 12:29:37,80,1,openasl,"For interpreting, we could start employment opportunities and growth for federal jobs.",And that's why we're doing this.
2026-04-21 12:29:37,80,1,how2sign,So you can do tons of different combos.,I'm going to show you how to do it.
2026-04-21 12:29:37,80,1,how2sign,"You want to decide if keeping the house is in your best interest or perhaps the expenses to run the house are just so expensive, it's not worth it.","You can use the same technique to make a sign for the word ""yes""."
2026-04-21 12:29:37,80,1,openasl,The virus is projected to hit the country the hardest mid-April.,She said that she had been in the hospital for a week.
2026-04-21 12:29:37,80,1,how2sign,"And we'll go over like so, back under, and through the loop we've created, and there it is.",You can use the same technique to do the same thing with your hands.
2026-04-21 12:29:37,80,1,openasl,Welcome to Sign1News.,And that's all for today's news.
2026-04-21 12:29:37,80,1,openasl,"Now, Hillary Clinton.",And that's why we're seeing a rise in the number of cases.
2026-04-21 12:29:37,80,1,how2sign,"And that would be almost like a prayer, saying what I intend to do and for whom I intend to do it.",I'm going to show you how to do it.
2026-04-21 12:29:37,80,1,how2sign,"You press down in the middle, and that recreates that suction.",And that's it for today.
2026-04-21 12:29:37,80,1,how2sign,You're going to hit it just a little more behind.,I'm going to show you how to do it.
2026-04-21 12:29:37,80,1,openasl,Gallaudet officials said they are still assessing those areas.,And that's all for today's news.
2026-04-21 12:29:37,80,1,how2sign,"Basically, you have two directions that we're going to be talking about.",I'm going to show you how to do it.
2026-04-21 12:29:37,80,1,how2sign,"See if you'd hit it from here, there's a possibility that it could tip.",And that's what we're going to do today.
2026-04-21 12:29:37,80,1,openasl,The boat took a wrong turn and had to turn back.,A man has been arrested after a fatal crash on the highway.
2026-04-21 12:29:37,80,1,how2sign,"I'm going to take my tubing up, and I'm going to open up my palms so they're facing forward.",You can do it with your hands or your arms.
2026-04-21 12:29:37,80,1,how2sign,"Alright, the drink that we are about to make is a Claridge Cocktail.",I'm going to show you how to do it.
2026-04-21 12:29:37,80,1,openasl,Assumed it was okay because it was sitting.,I'm not going to do it.
2026-04-21 12:29:37,80,1,how2sign,Let me repeat you do not want to just throw it in your flour all at once.,I'm going to show you how to do it.
2026-04-21 12:29:37,80,1,openasl,Here are the stories for today.,I'm not going to do that.
2026-04-21 12:29:37,80,1,how2sign,Everyone does not have to love you.,You're going to need a little bit more than that.
2026-04-21 12:29:37,80,1,how2sign,And we're going to talk about character development and how to create really great characters that people are passionate about.,I'm going to show you how to do it.
2026-04-21 12:29:37,80,1,openasl,Johnson was released from the hospital on Easter Sunday and has been recovering at home.,And that's why we're seeing so many people in the streets today.
2026-04-21 12:29:37,80,1,how2sign,"So you can see that the curl is very tight, very wiggly.",I'm going to show you how to do it.
2026-04-21 12:29:37,80,1,openasl,My father said it'd be hard because your deaf and it'd be difficult to communicate.,I'm not going to do it.
2026-04-21 12:29:37,80,1,how2sign,You also want to take a look at the season.,I'm going to show you how to do it.
2026-04-21 12:29:37,80,1,how2sign,And I'll show you how to do that next.,I'm going to show you how to do it.
2026-04-21 12:29:37,80,1,openasl,Millions of people are at risk of losing food assistance in the ongoing government shutdown.,She is now in the hospital.
2026-04-21 12:29:37,80,1,openasl,"Whether they go to jail or prison, they must remain there until they receive their sentence or serve their sentence.",And that's why we're going to have to do it.
2026-04-21 12:29:37,80,1,openasl,Masks are mandatory except during scenes.,The man is now in the hospital with serious injuries.
2026-04-21 12:29:37,80,1,how2sign,So what I mean by full body movement is from your upper body down to your lower body.,I'm going to show you how to do it.
2026-04-21 12:29:37,80,1,openasl,I'm very excited about this project!,And that's why I'm here today.
2026-04-21 12:29:37,80,1,how2sign,There are complex movements later on in higher levels of Qigung.,I'm going to show you how to do it.
2026-04-21 12:29:37,80,1,how2sign,So I have to trim this as well.,I'm going to show you how to do it.
2026-04-21 12:29:37,80,1,how2sign,It doesn't quite slip into that pedestal.,I'm going to show you how to do it.
2026-04-21 12:29:37,80,1,how2sign,"So, when you're walking your dog you always want to stay controlled.",You're going to use your hands to do this.
2026-04-21 12:29:37,80,1,how2sign,Yogurt in the middle east is kind of like ketchup here in the United States so and that is it for the yogurt part of the hummus.,I'm going to show you how to do it.
2026-04-21 12:29:37,80,1,how2sign,Does it take place on a Monday?,I'm going to show you how to do it.
2026-04-21 12:29:37,80,1,how2sign,Know that those are some of the pitfalls so that you might avoid them.,I'm going to show you how to do it.
2026-04-21 12:29:37,80,1,openasl,She said she loved DCARA and resigned to try and resolve the issue.,The man was arrested on suspicion of assaulting a police officer.
2026-04-21 12:29:37,80,1,how2sign,"But call forwarding is a really, really great tool for home or for business.",I'm going to show you how to do it.
2026-04-21 12:29:37,80,1,how2sign,You don't need a lot of paint on your brush.,I'm going to show you how to do it.
2026-04-21 12:29:37,80,1,how2sign,In this segment we're going to be discussing how to make the client comfortable on the massage table.,And then you can use your hands to do the same thing.
2026-04-21 12:29:37,80,1,how2sign,And then there's a lot of arm strength involved to stabilize the dumbbell right above his shoulders.,I'm going to show you how to do it.
2026-04-21 12:29:37,80,1,openasl,Here's an event Harry Potter fans won't want to miss.,The man was arrested for allegedly assaulting a woman in the parking lot of a shopping center.
2026-04-21 12:29:37,80,1,openasl,Wisconsin roads are also getting severe snow.,And that's all for today's news.
2026-04-21 12:29:37,80,1,how2sign,And that is a good wrist control from a slashing attack.,I'm going to show you how to do it.
2026-04-21 12:29:37,80,1,how2sign,"So I went in, not knowing what to expect, really, you know.",I'm going to show you how to do it.
2026-04-21 12:29:37,80,1,how2sign,Kathy Pabst Robshaw telephone effectiveness.,I'm going to use a little bit more than a tablespoon of oil.
2026-04-21 12:29:37,80,1,how2sign,It's ok if one or two or three people don't like you.,I'm going to show you how to do it.
2026-04-21 12:29:37,80,1,openasl,It was a new perspective.,I'm so excited to share this with you.
2026-04-21 12:29:37,80,1,openasl,Be sure to work with the educational audiologist to ensure the video and audio at home work well and have good connections.,And that's why we're doing this.
2026-04-21 12:29:37,80,1,how2sign,"You want to go down with the bar, come up.",I'm going to show you how to do it.
2026-04-21 12:29:37,80,1,how2sign,"Standard cartoon hands, with the four fingers.",I'm going to show you how to do it.
2026-04-21 12:29:37,80,1,how2sign,A fire hose is almost impossible to bend when water is flowing through it.,I'm going to show you how to do it.
2026-04-21 12:29:37,80,1,openasl,I wonder what Deaf Hong Kong people's perspectives are on this situation and what impact the bill would have on their lives.,They're not going to be able to do it.
2026-04-21 12:29:37,80,1,how2sign,"So, we can actually have benefits of preventing osteoporosis just by breathing properly.","You can use the same technique to make a sign for the word ""no""."
2026-04-21 12:29:37,80,1,how2sign,And you would paint it on your hair.,I'm going to show you how to do it.
2026-04-21 12:29:37,80,1,how2sign,"And we're basically combining a squat and a shoulder press, but it's not that simple.",I'm going to show you how to do it.
2026-04-21 12:29:37,80,1,how2sign,"So, if you have them in the kitchen and if you are going to cook with Teflon, move them to another room in the house, so that you can protect them.",I'm going to show you how to do it.
2026-04-21 12:29:37,80,1,openasl,"By learning their differences and ours, we are represent our state by what we do.",We're going to be doing a lot more of this.
2026-04-21 12:29:37,80,1,openasl,"I've met about 40 people on the videophone so far, and I want to meet more going forward.",I'm going to show you how to do it.
2026-04-21 12:29:37,80,1,how2sign,"Play, woohoo.",I'm going to show you how to do it.
2026-04-21 12:29:37,80,1,how2sign,"A squat position, close together, doesn't work very well.",I'm going to show you how to do it.
2026-04-21 12:29:37,80,1,how2sign,It's going to be laying on your shoulders.,I'm going to show you how to do it.
2026-04-21 12:29:37,80,1,how2sign,"And you are looking for that constant relaxed, natural power of tensile strength.",I'm going to show you how to do it.
2026-04-21 12:29:37,80,1,how2sign,You have to be fairly careful with these birds.,I'm going to show you how to do it.
2026-04-21 12:29:37,80,1,how2sign,And now we're going to go over Fireball.,I'm going to show you how to do it.
2026-04-21 12:29:37,80,1,how2sign,It helps to have a little bit of information but not too much information.,I'm going to show you how to do it.
2026-04-21 12:29:37,80,1,openasl,They are using videos to share their information without captions.,We're going to have a lot more to talk about.
2026-04-21 12:29:37,80,1,openasl,"With unity, it can be approached better.",I'm going to talk to you today about a very important topic.
2026-04-21 12:29:37,80,1,how2sign,So that's something that you run the risk of is your audience not staying with you.,And then you're going to do the same thing with your right hand.
2026-04-21 12:29:37,80,1,openasl,"As for the other design elements, we'll see.",And that's why I'm here.
2026-04-21 12:29:37,80,1,how2sign,You are going to have to have someway of getting your employees involved with regular exercise.,And then you're going to do the same thing with your other hand.
2026-04-21 12:29:37,80,1,openasl,That is one thing I found interesting and wanted to share with you today.,And that's why I'm here.
2026-04-21 12:29:37,80,1,openasl,Several Democrats have now vowed to investigate Trump for possible obstruction of justice.,And that's all for today's news.
2026-04-21 12:29:37,80,1,how2sign,It gives you suited ace 2 and suited ace 3.,And that's it for today.
2026-04-21 12:29:37,80,1,openasl,And I wrote the history the best I could.,I've been doing this for a long time.
2026-04-21 12:29:37,80,1,openasl,"Last Thursday afternoon, we had a presentation on Hawai’i culture, history, and traditions.",I'm going to show you how to do it.
2026-04-21 12:29:37,80,1,how2sign,Food grade pumps really come in handy when you're brewing.,I'm going to show you how to do it.
2026-04-21 12:29:37,80,1,how2sign,"You can put a piece of Duct tape on the inside of the rip, and on the outside of the rip, and just sandwich it together.",I'm going to show you how to do it.
2026-04-21 12:29:37,80,1,how2sign,And I'm going to show you how we're going to mark where we're going to cut off the pants.,I'm going to show you how to do it.
2026-04-21 12:29:37,80,1,how2sign,And you really don't need to use a lot of paint.,I'm going to show you how to do it.
2026-04-22 03:22:01,160,1,how2sign,That's a good place right now for it.,And that's it for today.
2026-04-22 03:22:01,160,1,how2sign,I bought this at the store and there appears to be a great deal of moisture in the actual fat.,And that's it for today's video.
2026-04-22 03:22:01,160,1,how2sign,Today I am going to be showing you how to make Gourmet French Fries cooked in duck fat.,I'm going to show you how to do it.
2026-04-22 03:22:01,160,1,how2sign,But you have to have it.,That's it for today.
2026-04-22 03:22:01,160,1,how2sign,We're going to be serving it up with no ice.,And that's it for today.
2026-04-22 03:22:01,160,1,how2sign,We will have to definitely adjust.,That's it for today.
2026-04-22 03:22:01,160,1,openasl,I found a job working for a youth program and did so for about 12 and a half years.,I am so excited to be here today.
2026-04-22 03:22:01,160,1,how2sign,Like a cat might dig through the bars if they are small enough and be able to grab hold of the bird.,And that's it for today's video.
2026-04-22 03:22:01,160,1,openasl,"Even if net neutrality is removed, the FCC will retrain the requirement for transparency.",We are going to be talking about the new rules that are going to be in effect in 2020.
2026-04-22 03:22:01,160,1,how2sign,"If it is laying loosey like this, this is just normal.",And that's how you do it.
2026-04-22 03:22:01,160,1,openasl,Thomas grew up.,That's all for today.
2026-04-22 03:22:01,160,1,how2sign,Tonight we're going to work and walk you through some advance bowling techniques so you can improve your game.,And then you're going to do the same thing with your right hand.
2026-04-22 03:22:01,160,1,openasl,"This bridges the gap between and adds information to Youth Chapter, which is cool.",I am so excited to share this news with you all.
2026-04-22 03:22:01,160,1,how2sign,"Today, we're painting on glass.",That's it for today.
2026-04-22 03:22:01,160,1,how2sign,We don't have to do anything anymore.,That's it for today.
2026-04-22 03:22:01,160,1,how2sign,You're trying to get it off of your pot.,That's it for today.
2026-04-22 03:22:01,160,1,how2sign,"So, this is going to be so wonderfully tropical.",And that's it for today.
2026-04-22 03:22:01,160,1,openasl,Also explain your life experience as a deaf person to help them understand from your perspective.,I'm not going to be able to do that.
2026-04-22 03:22:01,160,1,openasl,"For interpreting, we could start employment opportunities and growth for federal jobs.",I'm going to talk to you today about what happened to me and what I did.
2026-04-22 03:22:01,160,1,how2sign,So you can do tons of different combos.,That's it for today.
2026-04-22 03:22:01,160,1,how2sign,"You want to decide if keeping the house is in your best interest or perhaps the expenses to run the house are just so expensive, it's not worth it.","So you're going to want to do a little bit of that, and then you're going to want to do a little bit of that, and then you're going to want to do a little bit of that, and then you're going to want to do a little bit of that, and then you're going to want to do a little"
2026-04-22 03:22:01,160,1,openasl,The virus is projected to hit the country the hardest mid-April.,And that's all for today's show.
2026-04-22 03:22:01,160,1,how2sign,"And we'll go over like so, back under, and through the loop we've created, and there it is.",And that's it for today's video.
2026-04-22 03:22:01,160,1,openasl,Welcome to Sign1News.,Sign1News.
2026-04-22 03:22:01,160,1,openasl,"Now, Hillary Clinton.",That's all for now.
2026-04-22 03:22:01,160,1,how2sign,"And that would be almost like a prayer, saying what I intend to do and for whom I intend to do it.",And that's it for today's video.
2026-04-22 03:22:01,160,1,how2sign,"You press down in the middle, and that recreates that suction.",And that's it for today's video.
2026-04-22 03:22:01,160,1,how2sign,You're going to hit it just a little more behind.,And that's it for today.
2026-04-22 03:22:01,160,1,openasl,Gallaudet officials said they are still assessing those areas.,And that's all for now.
2026-04-22 03:22:01,160,1,how2sign,"Basically, you have two directions that we're going to be talking about.",And that's it for today.
2026-04-22 03:22:01,160,1,how2sign,"See if you'd hit it from here, there's a possibility that it could tip.",And that's it for today's video.
2026-04-22 03:22:01,160,1,openasl,The boat took a wrong turn and had to turn back.,It is not yet known how many people were injured.
2026-04-22 03:22:01,160,1,how2sign,"I'm going to take my tubing up, and I'm going to open up my palms so they're facing forward.",And that's it for today.
2026-04-22 03:22:01,160,1,how2sign,"Alright, the drink that we are about to make is a Claridge Cocktail.",And that's it for today's video.
2026-04-22 03:22:01,160,1,openasl,Assumed it was okay because it was sitting.,I have decided.
2026-04-22 03:22:01,160,1,how2sign,Let me repeat you do not want to just throw it in your flour all at once.,And that's it for today's video.
2026-04-22 03:22:01,160,1,openasl,Here are the stories for today.,Hello everyone.
2026-04-22 03:22:01,160,1,how2sign,Everyone does not have to love you.,And that's it for today's video.
2026-04-22 03:22:01,160,1,how2sign,And we're going to talk about character development and how to create really great characters that people are passionate about.,So you're going to want to use a little bit of water to moisten your hands.
2026-04-22 03:22:01,160,1,openasl,Johnson was released from the hospital on Easter Sunday and has been recovering at home.,And that's all for today's Sign1News.
2026-04-22 03:22:01,160,1,how2sign,"So you can see that the curl is very tight, very wiggly.",So you're going to use your right hand and your left hand.
2026-04-22 03:22:01,160,1,openasl,My father said it'd be hard because your deaf and it'd be difficult to communicate.,It's a beautiful place.
2026-04-22 03:22:01,160,1,how2sign,You also want to take a look at the season.,And that's it for today.
2026-04-22 03:22:01,160,1,how2sign,And I'll show you how to do that next.,And that's it for today.
2026-04-22 03:22:01,160,1,openasl,Millions of people are at risk of losing food assistance in the ongoing government shutdown.,And that's all for now.
2026-04-22 03:22:01,160,1,openasl,"Whether they go to jail or prison, they must remain there until they receive their sentence or serve their sentence.",I am so excited to be here today.
2026-04-22 03:22:01,160,1,openasl,Masks are mandatory except during scenes.,She is now in the hospital with a broken leg.
2026-04-22 03:22:01,160,1,how2sign,So what I mean by full body movement is from your upper body down to your lower body.,And that's it for today's video.
2026-04-22 03:22:01,160,1,openasl,I'm very excited about this project!,That's it for today.
2026-04-22 03:22:01,160,1,how2sign,There are complex movements later on in higher levels of Qigung.,So you want to make sure you're not going too fast and you're not going too hard.
2026-04-22 03:22:01,160,1,how2sign,So I have to trim this as well.,That's it for today.
2026-04-22 03:22:01,160,1,how2sign,It doesn't quite slip into that pedestal.,And that's it for today.
2026-04-22 03:22:01,160,1,how2sign,"So, when you're walking your dog you always want to stay controlled.",And that's it for today's video.
2026-04-22 03:22:01,160,1,how2sign,Yogurt in the middle east is kind of like ketchup here in the United States so and that is it for the yogurt part of the hummus.,And that's it for today's video.
2026-04-22 03:22:01,160,1,how2sign,Does it take place on a Monday?,That's it for today.
2026-04-22 03:22:01,160,1,how2sign,Know that those are some of the pitfalls so that you might avoid them.,And that's it for today.
2026-04-22 03:22:01,160,1,openasl,She said she loved DCARA and resigned to try and resolve the issue.,He is now in the hospital.
2026-04-22 03:22:01,160,1,how2sign,"But call forwarding is a really, really great tool for home or for business.",And that's it for today's video.
2026-04-22 03:22:01,160,1,how2sign,You don't need a lot of paint on your brush.,That's it for today.
2026-04-22 03:22:01,160,1,how2sign,In this segment we're going to be discussing how to make the client comfortable on the massage table.,And then you're going to do the same thing with your right hand.
2026-04-22 03:22:01,160,1,how2sign,And then there's a lot of arm strength involved to stabilize the dumbbell right above his shoulders.,And that's it for today's video.
2026-04-22 03:22:01,160,1,openasl,Here's an event Harry Potter fans won't want to miss.,And that's all for today's sign1lang.
2026-04-22 03:22:01,160,1,openasl,Wisconsin roads are also getting severe snow.,And that's all for now.
2026-04-22 03:22:01,160,1,how2sign,And that is a good wrist control from a slashing attack.,And that's it for today's video.
2026-04-22 03:22:01,160,1,how2sign,"So I went in, not knowing what to expect, really, you know.",And that's it for today.
2026-04-22 03:22:01,160,1,how2sign,Kathy Pabst Robshaw telephone effectiveness.,And that's it for today.
2026-04-22 03:22:01,160,1,how2sign,It's ok if one or two or three people don't like you.,And that's it for today's video.
2026-04-22 03:22:01,160,1,openasl,It was a new perspective.,Hello everyone!
2026-04-22 03:22:01,160,1,openasl,Be sure to work with the educational audiologist to ensure the video and audio at home work well and have good connections.,We are going to have a lot more to share with you.
2026-04-22 03:22:01,160,1,how2sign,"You want to go down with the bar, come up.",And that's it for today.
2026-04-22 03:22:01,160,1,how2sign,"Standard cartoon hands, with the four fingers.",And that's it for today's video.
2026-04-22 03:22:01,160,1,how2sign,A fire hose is almost impossible to bend when water is flowing through it.,And that's it for today.
2026-04-22 03:22:01,160,1,openasl,I wonder what Deaf Hong Kong people's perspectives are on this situation and what impact the bill would have on their lives.,I want to make sure that everyone is safe and that everyone is treated fairly.
2026-04-22 03:22:01,160,1,how2sign,"So, we can actually have benefits of preventing osteoporosis just by breathing properly.",And then you're going to do the same thing with your right hand.
2026-04-22 03:22:01,160,1,how2sign,And you would paint it on your hair.,That's it for today.
2026-04-22 03:22:01,160,1,how2sign,"And we're basically combining a squat and a shoulder press, but it's not that simple.",And that's it for today's video.
2026-04-22 03:22:01,160,1,how2sign,"So, if you have them in the kitchen and if you are going to cook with Teflon, move them to another room in the house, so that you can protect them.",So you're going to want to do this in a way that you're going to be able to do it in a way that you're going to be able to do it in a way that you're going to be able to do it in a way that you're going to be able to do it in a way that you're going to be
2026-04-22 03:22:01,160,1,openasl,"By learning their differences and ours, we are represent our state by what we do.",We are going to have a lot of fun.
2026-04-22 03:22:01,160,1,openasl,"I've met about 40 people on the videophone so far, and I want to meet more going forward.",You can see it on the website.
2026-04-22 03:22:01,160,1,how2sign,"Play, woohoo.",And that's it for today.
2026-04-22 03:22:01,160,1,how2sign,"A squat position, close together, doesn't work very well.",And that's it for today.
2026-04-22 03:22:01,160,1,how2sign,It's going to be laying on your shoulders.,And that's it for today.
2026-04-22 03:22:01,160,1,how2sign,"And you are looking for that constant relaxed, natural power of tensile strength.",And that's it for today's video.
2026-04-22 03:22:01,160,1,how2sign,You have to be fairly careful with these birds.,And that's it for today.
2026-04-22 03:22:01,160,1,how2sign,And now we're going to go over Fireball.,That's it for today.
2026-04-22 03:22:01,160,1,how2sign,It helps to have a little bit of information but not too much information.,And that's it for today.
2026-04-22 03:22:01,160,1,openasl,They are using videos to share their information without captions.,That's all for today.
2026-04-22 03:22:01,160,1,openasl,"With unity, it can be approached better.",That's all for today.
2026-04-22 03:22:01,160,1,how2sign,So that's something that you run the risk of is your audience not staying with you.,And that's it for today's video.
2026-04-22 03:22:01,160,1,openasl,"As for the other design elements, we'll see.",That's all for today.
2026-04-22 03:22:01,160,1,how2sign,You are going to have to have someway of getting your employees involved with regular exercise.,And that's it for today.
2026-04-22 03:22:01,160,1,openasl,That is one thing I found interesting and wanted to share with you today.,It was a great honor to be a part of it.
2026-04-22 03:22:01,160,1,openasl,Several Democrats have now vowed to investigate Trump for possible obstruction of justice.,And that's all for now.
2026-04-22 03:22:01,160,1,how2sign,It gives you suited ace 2 and suited ace 3.,And then you're going to do the same thing with your right hand.
2026-04-22 03:22:01,160,1,openasl,And I wrote the history the best I could.,I was born in 1935.
2026-04-22 03:22:01,160,1,openasl,"Last Thursday afternoon, we had a presentation on Hawai’i culture, history, and traditions.",I am so excited to share this with you all.
2026-04-22 03:22:01,160,1,how2sign,Food grade pumps really come in handy when you're brewing.,And that's it for today.
2026-04-22 03:22:01,160,1,how2sign,"You can put a piece of Duct tape on the inside of the rip, and on the outside of the rip, and just sandwich it together.",And that's it for today's video.
2026-04-22 03:22:01,160,1,how2sign,And I'm going to show you how we're going to mark where we're going to cut off the pants.,And that's it for today's video.
2026-04-22 03:22:01,160,1,how2sign,And you really don't need to use a lot of paint.,That's it for today.
2026-04-22 12:29:40,240,1,how2sign,That's a good place right now for it.,You want to make sure that you're using the right tools for the job.
2026-04-22 12:29:40,240,1,how2sign,I bought this at the store and there appears to be a great deal of moisture in the actual fat.,And you want to make sure that you have a good grip on the handle.
2026-04-22 12:29:40,240,1,how2sign,Today I am going to be showing you how to make Gourmet French Fries cooked in duck fat.,And you want to make sure that you have a good grip on the handle.
2026-04-22 12:29:40,240,1,how2sign,But you have to have it.,And that's what we're going to do today.
2026-04-22 12:29:40,240,1,how2sign,We're going to be serving it up with no ice.,And that's what we're going to talk about today.
2026-04-22 12:29:40,240,1,how2sign,We will have to definitely adjust.,You want to make sure that you're not going to have any problems.
2026-04-22 12:29:40,240,1,openasl,I found a job working for a youth program and did so for about 12 and a half years.,I have been a teacher for 20 years.
2026-04-22 12:29:40,240,1,how2sign,Like a cat might dig through the bars if they are small enough and be able to grab hold of the bird.,"So, we're going to start with the left side of the body."
2026-04-22 12:29:40,240,1,openasl,"Even if net neutrality is removed, the FCC will retrain the requirement for transparency.",We have to make sure that we are providing the right information to the public.
2026-04-22 12:29:40,240,1,how2sign,"If it is laying loosey like this, this is just normal.",You want to make sure that you're not going to have to go back and forth.
2026-04-22 12:29:40,240,1,openasl,Thomas grew up.,He was a good man.
2026-04-22 12:29:40,240,1,how2sign,Tonight we're going to work and walk you through some advance bowling techniques so you can improve your game.,"So, the first thing that you want to do is make sure that you have a good grip on the handle."
2026-04-22 12:29:40,240,1,openasl,"This bridges the gap between and adds information to Youth Chapter, which is cool.",I was able to get a job with the National Association of State Boards of Accountancy (NASBA).
2026-04-22 12:29:40,240,1,how2sign,"Today, we're painting on glass.",It's a very simple way to do it.
2026-04-22 12:29:40,240,1,how2sign,We don't have to do anything anymore.,It's a little bit more difficult.
2026-04-22 12:29:40,240,1,how2sign,You're trying to get it off of your pot.,It's going to be a little bit more difficult.
2026-04-22 12:29:40,240,1,how2sign,"So, this is going to be so wonderfully tropical.",You want to make sure that you're not going to have any problems.
2026-04-22 12:29:40,240,1,openasl,Also explain your life experience as a deaf person to help them understand from your perspective.,I was in the middle of a conversation with my mom.
2026-04-22 12:29:40,240,1,openasl,"For interpreting, we could start employment opportunities and growth for federal jobs.","I have a lot of experience in the legal field, and I have a lot of experience in the criminal justice field."
2026-04-22 12:29:40,240,1,how2sign,So you can do tons of different combos.,You want to make sure that you're using the right tools.
2026-04-22 12:29:40,240,1,how2sign,"You want to decide if keeping the house is in your best interest or perhaps the expenses to run the house are just so expensive, it's not worth it.","So, you want to make sure that you have a good grip on the handle."
2026-04-22 12:29:40,240,1,openasl,The virus is projected to hit the country the hardest mid-April.,He said that he was going to be in the hospital for a few days.
2026-04-22 12:29:40,240,1,how2sign,"And we'll go over like so, back under, and through the loop we've created, and there it is.",So you want to make sure that you have a good grip on the handle.
2026-04-22 12:29:40,240,1,openasl,Welcome to Sign1News.,Sign1News.
2026-04-22 12:29:40,240,1,openasl,"Now, Hillary Clinton.",He was 22 years old.
2026-04-22 12:29:40,240,1,how2sign,"And that would be almost like a prayer, saying what I intend to do and for whom I intend to do it.","So, the first thing that you want to do is make sure that you have a good grip on the handle."
2026-04-22 12:29:40,240,1,how2sign,"You press down in the middle, and that recreates that suction.",And you want to make sure that you're not going too fast.
2026-04-22 12:29:40,240,1,how2sign,You're going to hit it just a little more behind.,You want to make sure that you have a good grip on the handle.
2026-04-22 12:29:40,240,1,openasl,Gallaudet officials said they are still assessing those areas.,He said that he was not going to be able to make it to the event.
2026-04-22 12:29:40,240,1,how2sign,"Basically, you have two directions that we're going to be talking about.",You want to make sure that you have a good grip on the handle.
2026-04-22 12:29:40,240,1,how2sign,"See if you'd hit it from here, there's a possibility that it could tip.",And that's what we're going to be doing today.
2026-04-22 12:29:40,240,1,openasl,The boat took a wrong turn and had to turn back.,He was 50 years old.
2026-04-22 12:29:40,240,1,how2sign,"I'm going to take my tubing up, and I'm going to open up my palms so they're facing forward.",You want to make sure that you have a good grip on the ball.
2026-04-22 12:29:40,240,1,how2sign,"Alright, the drink that we are about to make is a Claridge Cocktail.","So, the first thing we're going to do is we're going to take a look at the different types of hair that we have."
2026-04-22 12:29:40,240,1,openasl,Assumed it was okay because it was sitting.,I have decided.
2026-04-22 12:29:40,240,1,how2sign,Let me repeat you do not want to just throw it in your flour all at once.,And you want to make sure that you have a good grip on the handle.
2026-04-22 12:29:40,240,1,openasl,Here are the stories for today.,And those are your top stories for today.
2026-04-22 12:29:40,240,1,how2sign,Everyone does not have to love you.,You can see that it's a little bit different than the other ones.
2026-04-22 12:29:40,240,1,how2sign,And we're going to talk about character development and how to create really great characters that people are passionate about.,"So, the first thing that you want to do is make sure that you have a good grip on the handle."
2026-04-22 12:29:40,240,1,openasl,Johnson was released from the hospital on Easter Sunday and has been recovering at home.,He was 52 years old.
2026-04-22 12:29:40,240,1,how2sign,"So you can see that the curl is very tight, very wiggly.","So, you want to make sure that you have a good grip on the ball."
2026-04-22 12:29:40,240,1,openasl,My father said it'd be hard because your deaf and it'd be difficult to communicate.,It was a very good experience.
2026-04-22 12:29:40,240,1,how2sign,You also want to take a look at the season.,And you want to make sure that you have a good grip on the ball.
2026-04-22 12:29:40,240,1,how2sign,And I'll show you how to do that next.,You want to make sure that you're using the right tools for the job.
2026-04-22 12:29:40,240,1,openasl,Millions of people are at risk of losing food assistance in the ongoing government shutdown.,He was 50 years old.
2026-04-22 12:29:40,240,1,openasl,"Whether they go to jail or prison, they must remain there until they receive their sentence or serve their sentence.",I was able to get a job at the Department of Justice.
2026-04-22 12:29:40,240,1,openasl,Masks are mandatory except during scenes.,"He said that he was ""very disappointed"" with the situation."
2026-04-22 12:29:40,240,1,how2sign,So what I mean by full body movement is from your upper body down to your lower body.,You can see that it's a little bit more difficult to do.
2026-04-22 12:29:40,240,1,openasl,I'm very excited about this project!,It's a great way to learn.
2026-04-22 12:29:40,240,1,how2sign,There are complex movements later on in higher levels of Qigung.,And that's what we're going to be doing today.
2026-04-22 12:29:40,240,1,how2sign,So I have to trim this as well.,And that's what we're going to do today.
2026-04-22 12:29:40,240,1,how2sign,It doesn't quite slip into that pedestal.,And you want to make sure that you have a good grip on the handle.
2026-04-22 12:29:40,240,1,how2sign,"So, when you're walking your dog you always want to stay controlled.",You want to make sure that you have a good grip on the handle.
2026-04-22 12:29:40,240,1,how2sign,Yogurt in the middle east is kind of like ketchup here in the United States so and that is it for the yogurt part of the hummus.,And you want to make sure that you have a good grip on the ball.
2026-04-22 12:29:40,240,1,how2sign,Does it take place on a Monday?,And that's what we're going to do today.
2026-04-22 12:29:40,240,1,how2sign,Know that those are some of the pitfalls so that you might avoid them.,You want to make sure that you have a good grip on the ball.
2026-04-22 12:29:40,240,1,openasl,She said she loved DCARA and resigned to try and resolve the issue.,He said that he had to go to the hospital.
2026-04-22 12:29:40,240,1,how2sign,"But call forwarding is a really, really great tool for home or for business.",And you want to make sure that you have a good grip on the handle.
2026-04-22 12:29:40,240,1,how2sign,You don't need a lot of paint on your brush.,I'm going to show you how to do it.
2026-04-22 12:29:40,240,1,how2sign,In this segment we're going to be discussing how to make the client comfortable on the massage table.,So you want to make sure that you have a good grip on the handle.
2026-04-22 12:29:40,240,1,how2sign,And then there's a lot of arm strength involved to stabilize the dumbbell right above his shoulders.,"So, you want to make sure that you have a good grip on the handle."
2026-04-22 12:29:40,240,1,openasl,Here's an event Harry Potter fans won't want to miss.,"He said that he was ""very disappointed"" with the situation."
2026-04-22 12:29:40,240,1,openasl,Wisconsin roads are also getting severe snow.,He was 52 years old.
2026-04-22 12:29:40,240,1,how2sign,And that is a good wrist control from a slashing attack.,And you want to make sure that you have a good grip on the handle.
2026-04-22 12:29:40,240,1,how2sign,"So I went in, not knowing what to expect, really, you know.",And that's what we're going to do today.
2026-04-22 12:29:40,240,1,how2sign,Kathy Pabst Robshaw telephone effectiveness.,You want to make sure that you have a good grip on the handle.
2026-04-22 12:29:40,240,1,how2sign,It's ok if one or two or three people don't like you.,You can see that it's going to be a little bit more difficult to do.
2026-04-22 12:29:40,240,1,openasl,It was a new perspective.,I'm so excited!
2026-04-22 12:29:40,240,1,openasl,Be sure to work with the educational audiologist to ensure the video and audio at home work well and have good connections.,We have to make sure that we are providing the right resources for our deaf and hard of hearing students.
2026-04-22 12:29:40,240,1,how2sign,"You want to go down with the bar, come up.",So you're going to want to make sure that you have a good grip on the handle.
2026-04-22 12:29:40,240,1,how2sign,"Standard cartoon hands, with the four fingers.",And that's what we're going to do today.
2026-04-22 12:29:40,240,1,how2sign,A fire hose is almost impossible to bend when water is flowing through it.,You want to make sure that you have a good grip on the handle.
2026-04-22 12:29:40,240,1,openasl,I wonder what Deaf Hong Kong people's perspectives are on this situation and what impact the bill would have on their lives.,They are not allowed to speak to their families.
2026-04-22 12:29:40,240,1,how2sign,"So, we can actually have benefits of preventing osteoporosis just by breathing properly.","So, you want to make sure that you have a good grip on the handle."
2026-04-22 12:29:40,240,1,how2sign,And you would paint it on your hair.,And that's what we're going to do today.
2026-04-22 12:29:40,240,1,how2sign,"And we're basically combining a squat and a shoulder press, but it's not that simple.",So we're going to start with the left side of the body.
2026-04-22 12:29:40,240,1,how2sign,"So, if you have them in the kitchen and if you are going to cook with Teflon, move them to another room in the house, so that you can protect them.",So you're going to want to make sure that you have a good grip on the ball.
2026-04-22 12:29:40,240,1,openasl,"By learning their differences and ours, we are represent our state by what we do.",We are going to have a lot of fun with this.
2026-04-22 12:29:40,240,1,openasl,"I've met about 40 people on the videophone so far, and I want to meet more going forward.",It's a great way to get to know each other.
2026-04-22 12:29:40,240,1,how2sign,"Play, woohoo.",And that's it for today.
2026-04-22 12:29:40,240,1,how2sign,"A squat position, close together, doesn't work very well.",And you want to make sure that you have a good grip on the handle.
2026-04-22 12:29:40,240,1,how2sign,It's going to be laying on your shoulders.,It's going to be a little bit more difficult.
2026-04-22 12:29:40,240,1,how2sign,"And you are looking for that constant relaxed, natural power of tensile strength.",And you want to make sure that you have a good grip on the handle.
2026-04-22 12:29:40,240,1,how2sign,You have to be fairly careful with these birds.,And that's what we're going to do today.
2026-04-22 12:29:40,240,1,how2sign,And now we're going to go over Fireball.,And that's what we're going to talk about today.
2026-04-22 12:29:40,240,1,how2sign,It helps to have a little bit of information but not too much information.,And you want to make sure that you have a good grip on the handle.
2026-04-22 12:29:40,240,1,openasl,They are using videos to share their information without captions.,He was a great teacher.
2026-04-22 12:29:40,240,1,openasl,"With unity, it can be approached better.",He was a great teacher.
2026-04-22 12:29:40,240,1,how2sign,So that's something that you run the risk of is your audience not staying with you.,And you want to make sure that you have a good grip on the handle.
2026-04-22 12:29:40,240,1,openasl,"As for the other design elements, we'll see.",He was a good friend of mine.
2026-04-22 12:29:40,240,1,how2sign,You are going to have to have someway of getting your employees involved with regular exercise.,"So, you want to make sure that you have a good grip on the handle."
2026-04-22 12:29:40,240,1,openasl,That is one thing I found interesting and wanted to share with you today.,He was a great teacher and a great person.
2026-04-22 12:29:40,240,1,openasl,Several Democrats have now vowed to investigate Trump for possible obstruction of justice.,He was 55 years old.
2026-04-22 12:29:40,240,1,how2sign,It gives you suited ace 2 and suited ace 3.,And that's what we're going to be doing today.
2026-04-22 12:29:40,240,1,openasl,And I wrote the history the best I could.,"He said, ""I don't know what I'm going to do."""
2026-04-22 12:29:40,240,1,openasl,"Last Thursday afternoon, we had a presentation on Hawai’i culture, history, and traditions.",We are going to talk about the different types of disabilities and how they affect people.
2026-04-22 12:29:40,240,1,how2sign,Food grade pumps really come in handy when you're brewing.,You want to make sure that you have a good grip on the ball.
2026-04-22 12:29:40,240,1,how2sign,"You can put a piece of Duct tape on the inside of the rip, and on the outside of the rip, and just sandwich it together.","So, the first thing we're going to do is we're going to take a look at the different types of shoes that we have."
2026-04-22 12:29:40,240,1,how2sign,And I'm going to show you how we're going to mark where we're going to cut off the pants.,"So, the first thing we're going to do is we're going to take a look at the different types of hair."
2026-04-22 12:29:40,240,1,how2sign,And you really don't need to use a lot of paint.,And that's what we're going to do today.
2026-04-22 20:23:09,320,1,how2sign,That's a good place right now for it.,You want to make sure that you have a good grip on the knife.
2026-04-22 20:23:09,320,1,how2sign,I bought this at the store and there appears to be a great deal of moisture in the actual fat.,"So, we're going to be using a little bit of water here."
2026-04-22 20:23:09,320,1,how2sign,Today I am going to be showing you how to make Gourmet French Fries cooked in duck fat.,"So, we're going to be using a little bit of water and a little bit of vinegar."
2026-04-22 20:23:09,320,1,how2sign,But you have to have it.,And that's the end of the video.
2026-04-22 20:23:09,320,1,how2sign,We're going to be serving it up with no ice.,And that's it for today.
2026-04-22 20:23:09,320,1,how2sign,We will have to definitely adjust.,And that's the end of the video.
2026-04-22 20:23:09,320,1,openasl,I found a job working for a youth program and did so for about 12 and a half years.,"I was in the courtroom, and I saw the judge, and I was like, ""What is going on?"""
2026-04-22 20:23:09,320,1,how2sign,Like a cat might dig through the bars if they are small enough and be able to grab hold of the bird.,"So, we're going to be using a 1000 watt hair dryer."
2026-04-22 20:23:09,320,1,openasl,"Even if net neutrality is removed, the FCC will retrain the requirement for transparency.",The NAD is currently working on a new policy that will allow the NAD to work with the Department of Justice to ensure that deaf and hard of hearing people have access to the justice system.
2026-04-22 20:23:09,320,1,how2sign,"If it is laying loosey like this, this is just normal.",You're going to want to make sure that you have a good grip on the handle.
2026-04-22 20:23:09,320,1,openasl,Thomas grew up.,I'm going to show you a picture of my home.
2026-04-22 20:23:09,320,1,how2sign,Tonight we're going to work and walk you through some advance bowling techniques so you can improve your game.,"So, we're going to be using a 12-inch round cutter."
2026-04-22 20:23:09,320,1,openasl,"This bridges the gap between and adds information to Youth Chapter, which is cool.",I was able to meet with a representative from the National Association of the Deaf (NAD).
2026-04-22 20:23:09,320,1,how2sign,"Today, we're painting on glass.",And that's it.
2026-04-22 20:23:09,320,1,how2sign,We don't have to do anything anymore.,And that's it.
2026-04-22 20:23:09,320,1,how2sign,You're trying to get it off of your pot.,And that's the end of the video.
2026-04-22 20:23:09,320,1,how2sign,"So, this is going to be so wonderfully tropical.",And that's the end of this video.
2026-04-22 20:23:09,320,1,openasl,Also explain your life experience as a deaf person to help them understand from your perspective.,We have to make sure that we have the right people in the right positions.
2026-04-22 20:23:09,320,1,openasl,"For interpreting, we could start employment opportunities and growth for federal jobs.",I was able to attend the conference and meet with many of my peers.
2026-04-22 20:23:09,320,1,how2sign,So you can do tons of different combos.,You're going to want to make sure that you have a good grip on the knife.
2026-04-22 20:23:09,320,1,how2sign,"You want to decide if keeping the house is in your best interest or perhaps the expenses to run the house are just so expensive, it's not worth it.","So, we're going to be using a 12-inch round cutter."
2026-04-22 20:23:09,320,1,openasl,The virus is projected to hit the country the hardest mid-April.,It was a beautiful day for the event.
2026-04-22 20:23:09,320,1,how2sign,"And we'll go over like so, back under, and through the loop we've created, and there it is.","So, we're going to be using a 12-inch round cutter."
2026-04-22 20:23:09,320,1,openasl,Welcome to Sign1News.,Sign1News.
2026-04-22 20:23:09,320,1,openasl,"Now, Hillary Clinton.",He was shot in the head.
2026-04-22 20:23:09,320,1,how2sign,"And that would be almost like a prayer, saying what I intend to do and for whom I intend to do it.","So, we're going to be using a 1000 watt hair dryer."
2026-04-22 20:23:09,320,1,how2sign,"You press down in the middle, and that recreates that suction.","So, we're going to start with the left side of the body."
2026-04-22 20:23:09,320,1,how2sign,You're going to hit it just a little more behind.,You want to make sure that you have a good grip on the knife.
2026-04-22 20:23:09,320,1,openasl,Gallaudet officials said they are still assessing those areas.,It's a great way to stay connected with family and friends.
2026-04-22 20:23:09,320,1,how2sign,"Basically, you have two directions that we're going to be talking about.",And that's the end of the video.
2026-04-22 20:23:09,320,1,how2sign,"See if you'd hit it from here, there's a possibility that it could tip.","So, we're going to be using a 12-inch round cutter."
2026-04-22 20:23:09,320,1,openasl,The boat took a wrong turn and had to turn back.,The fire started in the kitchen.
2026-04-22 20:23:09,320,1,how2sign,"I'm going to take my tubing up, and I'm going to open up my palms so they're facing forward.","So, we're going to start with the right foot."
2026-04-22 20:23:09,320,1,how2sign,"Alright, the drink that we are about to make is a Claridge Cocktail.","So, we're going to be using a 100 watt light bulb."
2026-04-22 20:23:09,320,1,openasl,Assumed it was okay because it was sitting.,I'm not going to go to college.
2026-04-22 20:23:09,320,1,how2sign,Let me repeat you do not want to just throw it in your flour all at once.,"So, we're going to be using a 12-inch round blade."
2026-04-22 20:23:09,320,1,openasl,Here are the stories for today.,Your life.
2026-04-22 20:23:09,320,1,how2sign,Everyone does not have to love you.,And that's what we're going to talk about today.
2026-04-22 20:23:09,320,1,how2sign,And we're going to talk about character development and how to create really great characters that people are passionate about.,"So, we're going to be using a little bit of water and a little bit of oil."
2026-04-22 20:23:09,320,1,openasl,Johnson was released from the hospital on Easter Sunday and has been recovering at home.,The man was taken to the hospital where he was treated for a head injury.
2026-04-22 20:23:09,320,1,how2sign,"So you can see that the curl is very tight, very wiggly.","So, we're going to be using a little bit of a different technique here."
2026-04-22 20:23:09,320,1,openasl,My father said it'd be hard because your deaf and it'd be difficult to communicate.,It was a great experience for me.
2026-04-22 20:23:09,320,1,how2sign,You also want to take a look at the season.,And that's what we're going to be doing today.
2026-04-22 20:23:09,320,1,how2sign,And I'll show you how to do that next.,And that's what we're going to be doing today.
2026-04-22 20:23:09,320,1,openasl,Millions of people are at risk of losing food assistance in the ongoing government shutdown.,The man was taken to the hospital where he is in stable condition.
2026-04-22 20:23:09,320,1,openasl,"Whether they go to jail or prison, they must remain there until they receive their sentence or serve their sentence.",I was able to meet with the director of the NAD and the director of the NAD and the director of the NAD and the director of the NAD and the director of the NAD and the director of the NAD and the director of the NAD and the director of the NAD and the director of the NAD and the
2026-04-22 20:23:09,320,1,openasl,Masks are mandatory except during scenes.,The man is in critical condition and is being treated at the hospital.
2026-04-22 20:23:09,320,1,how2sign,So what I mean by full body movement is from your upper body down to your lower body.,"So, we're going to start with the left side of the body."
2026-04-22 20:23:09,320,1,openasl,I'm very excited about this project!,It was a great experience.
2026-04-22 20:23:09,320,1,how2sign,There are complex movements later on in higher levels of Qigung.,"So, we're going to be using a 12 inch ruler."
2026-04-22 20:23:09,320,1,how2sign,So I have to trim this as well.,And that's all for today.
2026-04-22 20:23:09,320,1,how2sign,It doesn't quite slip into that pedestal.,"So, we're going to start with the left side of the body."
2026-04-22 20:23:09,320,1,how2sign,"So, when you're walking your dog you always want to stay controlled.","So, you're going to want to make sure that you have a good grip on the knife."
2026-04-22 20:23:09,320,1,how2sign,Yogurt in the middle east is kind of like ketchup here in the United States so and that is it for the yogurt part of the hummus.,"So, we're going to be using a 1000 watt hair dryer."
2026-04-22 20:23:09,320,1,how2sign,Does it take place on a Monday?,You're going to want to use a sharp knife.
2026-04-22 20:23:09,320,1,how2sign,Know that those are some of the pitfalls so that you might avoid them.,"So, we're going to be using a 100 watt light."
2026-04-22 20:23:09,320,1,openasl,She said she loved DCARA and resigned to try and resolve the issue.,I'm going to talk about a few things that are going on right now.
2026-04-22 20:23:09,320,1,how2sign,"But call forwarding is a really, really great tool for home or for business.","So, we're going to start with the left side of the face."
2026-04-22 20:23:09,320,1,how2sign,You don't need a lot of paint on your brush.,And that's how you do it.
2026-04-22 20:23:09,320,1,how2sign,In this segment we're going to be discussing how to make the client comfortable on the massage table.,"So, we're going to be using a 12-inch round cutter."
2026-04-22 20:23:09,320,1,how2sign,And then there's a lot of arm strength involved to stabilize the dumbbell right above his shoulders.,"So, we're going to be using a 12-inch round blade."
2026-04-22 20:23:09,320,1,openasl,Here's an event Harry Potter fans won't want to miss.,The fire started in the kitchen and quickly spread to the rest of the house.
2026-04-22 20:23:09,320,1,openasl,Wisconsin roads are also getting severe snow.,The man is in critical condition.
2026-04-22 20:23:09,320,1,how2sign,And that is a good wrist control from a slashing attack.,"So, we're going to be using a 12-inch round cutter."
2026-04-22 20:23:09,320,1,how2sign,"So I went in, not knowing what to expect, really, you know.","So, we're going to start with the head."
2026-04-22 20:23:09,320,1,how2sign,Kathy Pabst Robshaw telephone effectiveness.,You want to make sure that you have a good grip on the knife.
2026-04-22 20:23:09,320,1,how2sign,It's ok if one or two or three people don't like you.,"So, we're going to be using a 1000 watt hair dryer."
2026-04-22 20:23:09,320,1,openasl,It was a new perspective.,It's very important to me.
2026-04-22 20:23:09,320,1,openasl,Be sure to work with the educational audiologist to ensure the video and audio at home work well and have good connections.,We are going to be sharing information about the NAD and the NAD's role in the Deaf community.
2026-04-22 20:23:09,320,1,how2sign,"You want to go down with the bar, come up.","So, we're going to start with the right side of the body."
2026-04-22 20:23:09,320,1,how2sign,"Standard cartoon hands, with the four fingers.","So, we're going to be using a 12 inch round cutter."
2026-04-22 20:23:09,320,1,how2sign,A fire hose is almost impossible to bend when water is flowing through it.,"So, we're going to be using a little bit of water here."
2026-04-22 20:23:09,320,1,openasl,I wonder what Deaf Hong Kong people's perspectives are on this situation and what impact the bill would have on their lives.,I'm not going to be able to go back to my country.
2026-04-22 20:23:09,320,1,how2sign,"So, we can actually have benefits of preventing osteoporosis just by breathing properly.","So, we're going to be using a 12-inch round cutter."
2026-04-22 20:23:09,320,1,how2sign,And you would paint it on your hair.,You want to make sure you're comfortable.
2026-04-22 20:23:09,320,1,how2sign,"And we're basically combining a squat and a shoulder press, but it's not that simple.","So, we're going to start with the left side of the face."
2026-04-22 20:23:09,320,1,how2sign,"So, if you have them in the kitchen and if you are going to cook with Teflon, move them to another room in the house, so that you can protect them.","So, we're going to be using a 12 inch diameter, 12 inch diameter, 12 inch diameter, 12 inch diameter, 12 inch diameter, 12 inch diameter, 12 inch diameter, 12 inch diameter, 12 inch diameter, 12 inch diameter,"
2026-04-22 20:23:09,320,1,openasl,"By learning their differences and ours, we are represent our state by what we do.",I was able to get a lot of information from the other students.
2026-04-22 20:23:09,320,1,openasl,"I've met about 40 people on the videophone so far, and I want to meet more going forward.",We are going to talk about the different types of deaf and hard of hearing people.
2026-04-22 20:23:09,320,1,how2sign,"Play, woohoo.",And that's it for today.
2026-04-22 20:23:09,320,1,how2sign,"A squat position, close together, doesn't work very well.","So, we're going to start with the head."
2026-04-22 20:23:09,320,1,how2sign,It's going to be laying on your shoulders.,You're going to want to make sure that you're wearing a mask.
2026-04-22 20:23:09,320,1,how2sign,"And you are looking for that constant relaxed, natural power of tensile strength.","So, we're going to be using a 1000 watt hair dryer."
2026-04-22 20:23:09,320,1,how2sign,You have to be fairly careful with these birds.,"So, we're going to start with the left side of the body."
2026-04-22 20:23:09,320,1,how2sign,And now we're going to go over Fireball.,And that's what we're going to be doing today.
2026-04-22 20:23:09,320,1,how2sign,It helps to have a little bit of information but not too much information.,"So, we're going to be using a little bit of a different technique here."
2026-04-22 20:23:09,320,1,openasl,They are using videos to share their information without captions.,We have to make sure that we are doing our best to help our students.
2026-04-22 20:23:09,320,1,openasl,"With unity, it can be approached better.",It was a great experience.
2026-04-22 20:23:09,320,1,how2sign,So that's something that you run the risk of is your audience not staying with you.,"So, we're going to be using a little bit of water and a little bit of vinegar."
2026-04-22 20:23:09,320,1,openasl,"As for the other design elements, we'll see.",That's all for today.
2026-04-22 20:23:09,320,1,how2sign,You are going to have to have someway of getting your employees involved with regular exercise.,"So, you're going to want to make sure that you have a good amount of oil on the pan."
2026-04-22 20:23:09,320,1,openasl,That is one thing I found interesting and wanted to share with you today.,I have a lot of experience in this field.
2026-04-22 20:23:09,320,1,openasl,Several Democrats have now vowed to investigate Trump for possible obstruction of justice.,The suspect is in custody and has been charged with multiple counts of murder.
2026-04-22 20:23:09,320,1,how2sign,It gives you suited ace 2 and suited ace 3.,"So, we're going to be using a little bit of water here."
2026-04-22 20:23:09,320,1,openasl,And I wrote the history the best I could.,It's a great way to get involved with the deaf community.
2026-04-22 20:23:09,320,1,openasl,"Last Thursday afternoon, we had a presentation on Hawai’i culture, history, and traditions.",I am a member of the National Deaf and Hard of Hearing Association (NDA).
2026-04-22 20:23:09,320,1,how2sign,Food grade pumps really come in handy when you're brewing.,"So, we're going to be using a little bit of this."
2026-04-22 20:23:09,320,1,how2sign,"You can put a piece of Duct tape on the inside of the rip, and on the outside of the rip, and just sandwich it together.","So, we're going to be using a little bit of water and a little bit of vinegar."
2026-04-22 20:23:09,320,1,how2sign,And I'm going to show you how we're going to mark where we're going to cut off the pants.,"So, we're going to be using a 12-inch round cutter."
2026-04-22 20:23:09,320,1,how2sign,And you really don't need to use a lot of paint.,You're going to want to use a sharp knife.
2026-04-23 09:21:49,400,1,how2sign,"So remember, belly breathe is the way we're supposed to breathe.","So, we're going to be using a little bit more of this."
2026-04-23 09:21:49,400,1,how2sign,Here we are in test chamber 08.,"So, you want to make sure you have a good grip on the ball."
2026-04-23 09:21:49,400,1,how2sign,"You can get instant length, which I love.","So, you're going to want to make sure that you have a good amount of hair on your head."
2026-04-23 09:21:49,400,1,openasl,That is against the law and NAD has taken action.,It s a great place to meet other people.
2026-04-23 09:21:49,400,1,how2sign,And the wind chill actually adds extra to that temperature drop.,"So, you're going to want to make sure that you have a little bit of room to work with."
2026-04-23 09:21:49,400,1,how2sign,"And this is how, some repair tips for setting up your tent.","So, we're going to be using a little bit of water here."
2026-04-23 09:21:49,400,1,how2sign,It's ok if one or two people disagree with your speech.,"So, you're going to want to make sure that you have a good grip on the ball."
2026-04-23 09:21:49,400,1,how2sign,"It can be applied in your family with your spouse, with your kids.","So, you want to make sure that you have a good grip on the handle."
2026-04-23 09:21:49,400,1,how2sign,"Meaning, are there any specific holidays?","So, you're going to want to make sure that you're using the right amount of oil."
2026-04-23 09:21:49,400,1,how2sign,"Punch it out, and do the same thing with the smaller flower.","So, I'm going to be using a 12 inch by 12 inch piece of wood."
2026-04-23 09:21:49,400,1,how2sign,"See how many out of 50 you can make, and as the number of balls in practice improves, your results on the court are also going to improve.","So, I'm going to go ahead and show you how to do that."
2026-04-23 09:21:49,400,1,openasl,The third person was a 56-year-old woman who died when her mobile home was destroyed.,The two men were charged with first-degree murder and second-degree murder.
2026-04-23 09:21:49,400,1,how2sign,It also is leather hard.,"So, you want to make sure you have a good grip."
2026-04-23 09:21:49,400,1,openasl,There was no one around at the time.,He was 50 years old.
2026-04-23 09:21:49,400,1,openasl,One day I was just thinking and it came to me that there was no ASL or deaf tarot cards.,I have a lot of questions about this and I want to share them with you.
2026-04-23 09:21:49,400,1,how2sign,And then you would start to turn your pile.,"So, we're going to be using a little bit of water."
2026-04-23 09:21:49,400,1,how2sign,And I only worked one night with her.,"So, you're going to want to make sure that you have a good grip on the rope."
2026-04-23 09:21:49,400,1,how2sign,"Which, is the front part of your quads that's near the knee cap.","So, I'm going to go ahead and take a look at this and I'm going to take a look at this and I'm going to take a look at this and I'm going to take a look at this and I'm going to take a look at this and I'm going to take a look at this and I'm going to take"
2026-04-23 09:21:49,400,1,how2sign,"Garnish it with a cherry, and there you have it, Razberi Sunsplash.","So, I'm going to use a little bit of water and a little bit of vinegar."
2026-04-23 09:21:49,400,1,how2sign,"And it should cook down, and it should go down, and you should be able to see that it looks like compost, not like this material.","So, I'm going to put my right foot on the right side and my left foot on the left side, and then I'm going to put my right foot on the left side and my left foot on the right side."
2026-04-23 09:21:49,400,1,how2sign,"Let me see if I have, I only have 4 in there.","So, we're going to be using a little bit of water here."
2026-04-23 09:21:49,400,1,how2sign,Now number one is with the leash.,"So, you're going to want to make sure that you have a good grip on the handle."
2026-04-23 09:21:49,400,1,how2sign,"So, that's a pretty frightening prospect in itself.","So, you're going to want to make sure that you have a good grip on the rope."
2026-04-23 09:21:49,400,1,how2sign,The cats don't even have to chase them.,You're going to want to make sure that you have a good grip.
2026-04-23 09:21:49,400,1,openasl,The school district fired him and contacted police immediately after finding out about the incident.,The man was shot and killed by police officers.
2026-04-23 09:21:49,400,1,openasl,Some states have good rules set up while other states do not have any rules.,We have to make sure that we have the right people in the right places.
2026-04-23 09:21:49,400,1,how2sign,You may need to actually enlist family support for child care.,"So, you want to make sure that you have a little bit of a little bit of a little bit of a little bit of a little bit of a little bit of a little bit of a little bit of a little bit of a little bit of a little bit of a little bit of a little bit of a little bit of a little bit of"
2026-04-23 09:21:49,400,1,how2sign,Now let's shake these ingredients up real well.,"So, you're going to want to make sure that you have that."
2026-04-23 09:21:49,400,1,openasl,Gugino is still recovering.,He was shot and killed by police.
2026-04-23 09:21:49,400,1,how2sign,We are talking about what hairstyles suit a diamond shape face.,"So, you're going to want to make sure that you have a good amount of water in there."
2026-04-23 09:21:49,400,1,how2sign,Another thing that you can put in your tank is aquarium salt.,"So, I'm going to use a little bit of water and a little bit of salt."
2026-04-23 09:21:49,400,1,how2sign,Now because this is such a simple design here I thought maybe a little centerpiece would be nice.,"So, you're going to want to make sure that you have a good grip on the handle."
2026-04-23 09:21:49,400,1,how2sign,The blade's far enough away from me that if it misses it misses.,"So, we're going to be using a little bit of water here."
2026-04-23 09:21:49,400,1,how2sign,And then we're going to fill it the rest of the way with pineapple juice.,"So, I'm going to use a little bit of a little bit of a little bit of a little bit of a little bit of a little bit of a little bit of a little bit of a little bit of a little bit of a little bit of a little bit of a little bit of a little bit of a little bit of a little bit"
2026-04-23 09:21:49,400,1,how2sign,"Well, no worries because that's exactly what this segment is about.","So, I'm going to go ahead and put that on my head."
2026-04-23 09:21:49,400,1,openasl,I was there from the beginning to the end and time went by fast.,I'm 22 years old.
2026-04-23 09:21:49,400,1,openasl,"Words can't describe the feeling I have right now for the support of the community, the support of the Michigan community and not just Michigan but all over.",It was a lot of fun and I learned a lot.
2026-04-23 09:21:49,400,1,how2sign,We've got some new icons here now.,I'm going to show you how to do it.
2026-04-23 09:21:49,400,1,how2sign,Just keep then gently falling down.,I'm just going to put it on my chest.
2026-04-23 09:21:49,400,1,how2sign,A really good way to lose weight sometimes is a support group.,"So, you're going to want to make sure that you have a little bit of a bit of a gap between your teeth."
2026-04-23 09:21:49,400,1,how2sign,My name is Sylvia Russell and this is how you can use temporary hair extensions.,"So, you want to make sure that you have a good grip on the handle."
2026-04-23 09:21:49,400,1,how2sign,This is Zephyr Clarke-Dolberg and this has been how to walk a dog.,"So, you want to make sure that you have a good grip on the knife."
2026-04-23 09:21:49,400,1,how2sign,"You dress for wind chill, not for the temperature that you have outside.","So, you want to make sure that you have a little bit of a little bit of a little bit of a little bit of a little bit of a little bit of a little bit of a little bit of a little bit of a little bit of a little bit of a little bit of a little bit of a little bit of a little bit of"
2026-04-23 09:21:49,400,1,openasl,But there's no indication if he actually showed up.,He was 50 years old.
2026-04-23 09:21:49,400,1,how2sign,But most of the time it's a pleasant surprise.,I'm going to show you how to do it.
2026-04-23 09:21:49,400,1,openasl,I went to the school for the deaf.,I was in the back of the truck.
2026-04-23 09:21:49,400,1,how2sign,This is the type of bead I am going to use.,You're going to want to do that.
2026-04-23 09:21:49,400,1,openasl,"Before a bill is proposed, how long does the pre-planning take?",I have been a member of the NAD since 2007.
2026-04-23 09:21:49,400,1,openasl,It was so hard to write.,It s a little bit different.
2026-04-23 09:21:49,400,1,how2sign,I don't want to heave him 40 yards away.,"So, we're going to be using a little bit of water here."
2026-04-23 09:21:49,400,1,how2sign,She should be always looking for a cue from you.,I'm just going to put it in my mouth.
2026-04-23 09:21:49,400,1,how2sign,Remember to turn 90 degrees in bringing this leg up in a good situation.,"So, we're going to be using a little bit of water."
2026-04-23 09:21:49,400,1,openasl,I bet it's a big weight off my shoulders!,He was 25 years old.
2026-04-23 09:21:49,400,1,openasl,It's the same idea with fast timings.,It was a great experience.
2026-04-23 09:21:49,400,1,openasl,"Some people said, “You left a state government job?",It s a great place to relax.
2026-04-23 09:21:49,400,1,openasl,Several people were trapped in collapsed buildings.,He was 25 years old.
2026-04-23 09:21:49,400,1,openasl,"Some people have faced obstacles trying to evacuate, with no avail.",The storm is expected to bring heavy rains and high winds.
2026-04-23 09:21:49,400,1,how2sign,It also lets you grip the lunge line a little bit better.,"So, you want to make sure that you have a good grip on the knife."
2026-04-23 09:21:49,400,1,how2sign,She's not advancing forward because she needs to read my body language to see what she should do next.,"So, I'm going to go ahead and take a look at this and see if I can find any of these things."
2026-04-23 09:21:49,400,1,how2sign,You don't want toilet seats open if they are flying around your house because they can fly in it and drowned.,"So, you're going to want to make sure that you have a little bit of water in there."
2026-04-23 09:21:49,400,1,how2sign,"It bounces up, and you've got to just block it forward.","So, you're going to want to make sure that you have a good grip on the rope."
2026-04-23 09:21:49,400,1,how2sign,"And will you notice the difference the next time you run, just remember in your mind what I said.","So, you're going to want to make sure that you have a good grip on the rope."
2026-04-23 09:21:49,400,1,how2sign,And that is how to lighten your hair at home.,"So, we're going to be using a little bit of water here."
2026-04-23 09:21:49,400,1,how2sign,Preferably a five to six foot leash.,"So, you want to make sure you have a good grip on the handle."
2026-04-23 09:21:49,400,1,openasl,Trees with the wildlife.,But it's not all bad news.
2026-04-23 09:21:49,400,1,openasl,Find out who your Educational Advocate in your state or for your national organization.,We have a lot of fun and we have a lot of learning to do.
2026-04-23 09:21:49,400,1,how2sign,This one right here is my favorite and I think it is whitemountainfoods.,"So, you want to make sure that you have a little bit of a bit of a bit of a bit of a bit of a bit of a bit of a bit of a bit of a bit of a bit of a bit of a bit of a bit of a bit of a bit of a bit of a bit of a bit of a bit"
2026-04-23 09:21:49,400,1,openasl,Do you plan on traveling this summer or you and your family going to enjoy a stay-cation?,The suspect was charged with first-degree murder and second-degree murder.
2026-04-23 09:21:49,400,1,openasl,I grieve with the seniors.,Thank you for your time.
2026-04-23 09:21:49,400,1,how2sign,But it's good enough if you're just trying to hold some items down.,"So, you want to make sure you have a good grip."
2026-04-23 09:21:49,400,1,openasl,To have an impact and change the world into a better place.,It s a great place to meet new people.
2026-04-23 09:21:49,400,1,how2sign,Let's first create our macro by clicking the view tab.,"So, I'm going to show you how to do this."
2026-04-23 09:21:49,400,1,openasl,Sadly some children will never get adopted.,The 20-year-old man was shot and killed by police officers.
2026-04-23 09:21:49,400,1,openasl,Emailing is a good option.,You can do it.
2026-04-23 09:21:49,400,1,openasl,They are using videos to share their information without captions.,"I'm not going to lie to you, it's hard."
2026-04-23 09:21:49,400,1,openasl,"31 people were hospitalized, some with serious burns.",I'm going to share some of my thoughts on this topic.
2026-04-23 09:21:49,400,1,how2sign,"I'm going to first have you sit up, great!","So, we're going to be using a little bit of water and a little bit of salt."
2026-04-23 09:21:49,400,1,how2sign,There are complex movements later on in higher levels of Qigung.,"So, I'm going to use a little bit of water and a little bit of salt."
2026-04-23 09:21:49,400,1,how2sign,You also want to look for good mixing as well.,"So, you want to make sure you have a good grip on the knife."
2026-04-23 09:21:49,400,1,openasl,Check out Snowball the dancing cockatoo!,The man was charged with first-degree murder and second-degree murder.
2026-04-23 09:21:49,400,1,how2sign,It will prevent any spotting and any errors that could occur.,"So, you want to make sure that you have a good grip on the handle."
2026-04-23 09:21:49,400,1,how2sign,So you'll want to work that one and again do both sides because quite often if this knee is hurting he's compensating by using this leg.,"So, I'm going to use a little bit of water and a little bit of salt."
2026-04-23 09:21:49,400,1,openasl,"Anyone who hasn't been vaccinated or doesn't get vaccinated could be facing a fine of up to $1,000.",The man was charged with first-degree murder and second-degree murder.
2026-04-23 09:21:49,400,1,how2sign,"Get a glass pot or an aluminum pan, either one will work.","So, you're going to want to make sure that you have a good amount of water in there, and you're going to want to make sure that you have a good amount of salt in there."
2026-04-23 09:21:49,400,1,how2sign,"Once that happens, there you have it, breaking the press.","So, we're going to be using a little bit of water."
2026-04-23 09:21:49,400,1,how2sign,We are talking about weight loss tips.,"So, you're going to want to make sure that you have a good grip."
2026-04-23 09:21:49,400,1,openasl,But the increase slowed over time.,He was 60 years old at the time.
2026-04-23 09:21:49,400,1,how2sign,So basically all you're left with is your tone of voice.,"So, I'm going to go ahead and put my hands on my hips and I'm going to put my hands on my hips and I'm going to put my hands on my hips and I'm going to put my hands on my hips and I'm going to put my hands on my hips and I'm going to put my hands on my hips"
2026-04-23 09:21:49,400,1,how2sign,What does that mean visually?,"So, you're going to want to make sure that you're using the right size."
2026-04-23 09:21:49,400,1,how2sign,"Because when you come home you want to get the calls back to your phone you hit another number and in my case, *73.","So, I'm going to use a little bit of water and a little bit of salt."
2026-04-23 09:21:49,400,1,how2sign,"So we have the bottom prepared, and we've got our little bowl that has the pedestal, and this is set up as well.","So, I'm going to go ahead and put my hands on my hips and I'm going to put my hands on my hips and I'm going to put my hands on my hips and I'm going to put my hands on my hips and I'm going to put my hands on my hips and I'm going to put my hands on my hips"
2026-04-23 09:21:49,400,1,openasl,"However, paychecks did grow slightly.",But it's not all bad news.
2026-04-23 09:21:49,400,1,openasl,They were walking barefoot.,That's all for now.
2026-04-23 09:21:49,400,1,openasl,This is the first one not the second.,That's right.
2026-04-23 09:21:49,400,1,openasl,It was a new perspective.,That s what I m here for.
2026-04-23 09:21:49,400,1,openasl,California reported 55 deaths from yesterday.,He was 67 years old.
2026-04-23 09:21:49,400,1,openasl,Lewis was very active in the deaf community and never stopped her love for interpreting.,He was 60 years old.
2026-04-23 09:21:49,400,1,how2sign,A wrist control that we can use from a slashing attack.,"So, you're going to want to make sure that you're using the right tools."
2026-04-23 09:21:49,400,1,openasl,That was 10 years ago.,That s all for today.
2026-04-23 09:21:49,400,1,how2sign,It's a lot better to get it more puree that way it has a better texture to it.,"So, you're going to want to make sure that you have a good amount of water in there, and you're going to want to make sure that you have a good amount of salt in there."
