timestamp,global_step,epoch,train_loss,train_ppl,lr_encoder,lr_decoder,grad_norm,cuda_mem_gb,cuda_peak_gb,steps_per_sec,elapsed_sec
2026-04-04 15:53:52,10,1,5.758689,316.9324,1.600e-06,0.000e+00,4.4313,2.78,5.86,0.10,97.8
2026-04-04 15:54:20,20,1,5.691589,296.3643,3.200e-06,0.000e+00,4.4766,2.76,5.86,0.37,125.1
2026-04-04 15:54:46,30,1,5.598531,270.0294,4.800e-06,0.000e+00,4.3297,2.76,5.86,0.37,151.9
2026-04-04 15:55:14,40,1,5.412970,224.2967,6.400e-06,0.000e+00,4.1031,2.77,5.86,0.36,179.7
2026-04-04 15:55:44,50,1,5.283114,196.9823,8.000e-06,0.000e+00,4.0781,2.76,5.90,0.36,207.8
2026-04-04 15:56:17,60,1,4.994848,147.6505,9.600e-06,0.000e+00,3.9922,2.78,5.90,0.31,242.1
2026-04-04 15:56:52,70,1,4.978427,145.2457,1.120e-05,0.000e+00,4.1484,2.76,5.90,0.28,277.4
2026-04-04 15:57:22,80,1,5.032804,153.3625,1.280e-05,0.000e+00,3.8984,2.77,5.90,0.33,307.7
2026-04-04 15:57:56,90,1,4.785444,119.7545,1.440e-05,0.000e+00,3.5359,2.78,5.90,0.30,341.2
2026-04-04 15:58:26,100,1,4.912649,135.9992,1.600e-05,0.000e+00,3.2797,2.77,5.90,0.33,371.1
2026-04-04 15:58:56,110,1,4.833001,125.5872,1.760e-05,0.000e+00,3.3750,2.77,5.90,0.33,401.5
2026-04-04 15:59:27,120,1,4.730008,113.2965,1.920e-05,0.000e+00,3.5234,2.76,5.98,0.32,432.4
2026-04-04 15:59:57,130,1,4.816565,123.5401,2.080e-05,0.000e+00,3.7891,2.77,5.98,0.33,462.8
2026-04-04 16:00:27,140,1,4.838761,126.3127,2.240e-05,0.000e+00,3.5641,2.77,5.98,0.33,492.7
2026-04-04 16:01:01,150,1,4.515161,91.3923,2.400e-05,0.000e+00,3.3266,2.76,5.98,0.29,526.6
2026-04-04 16:01:32,160,1,4.548078,94.4507,2.560e-05,0.000e+00,3.7875,2.77,5.98,0.33,557.3
2026-04-04 16:02:01,170,1,4.833909,125.7014,2.720e-05,0.000e+00,3.3406,2.77,5.98,0.34,586.4
2026-04-04 16:02:30,180,1,4.457621,86.2820,2.880e-05,0.000e+00,3.4781,2.78,5.98,0.35,615.2
2026-04-04 16:02:59,190,1,4.567196,96.2738,3.040e-05,0.000e+00,3.0734,2.76,5.98,0.34,644.3
2026-04-04 16:03:29,200,1,4.421791,83.2453,3.200e-05,0.000e+00,3.2687,2.76,5.98,0.33,674.7
2026-04-04 16:04:00,210,1,4.699618,109.9052,3.360e-05,0.000e+00,3.0797,2.76,5.98,0.33,705.3
2026-04-04 16:04:31,220,1,4.569688,96.5140,3.520e-05,0.000e+00,2.9484,2.77,5.98,0.32,736.6
2026-04-04 16:05:02,230,1,4.471627,87.4990,3.680e-05,0.000e+00,3.2547,2.77,5.98,0.33,767.3
2026-04-04 16:05:32,240,1,4.538697,93.5688,3.840e-05,0.000e+00,2.9922,2.78,5.98,0.33,797.2
2026-04-04 16:06:03,250,1,4.420362,83.1264,4.000e-05,0.000e+00,2.8891,2.76,5.98,0.32,828.0
2026-04-04 16:06:41,260,1,4.618415,101.3333,4.000e-05,0.000e+00,3.0406,2.76,5.98,0.26,866.2
2026-04-04 16:07:15,270,1,4.342614,76.9083,4.000e-05,0.000e+00,3.2000,2.77,5.98,0.29,900.5
2026-04-04 16:07:46,280,1,4.516805,91.5426,4.000e-05,0.000e+00,3.1453,2.78,5.98,0.32,931.6
2026-04-04 16:08:20,290,1,4.349471,77.4375,4.000e-05,0.000e+00,3.0938,2.77,5.98,0.30,965.3
2026-04-04 16:08:51,300,1,4.680691,107.8446,4.000e-05,0.000e+00,2.9656,2.77,5.98,0.32,996.4
2026-04-04 16:09:21,310,1,4.450225,85.6462,4.000e-05,0.000e+00,2.9750,2.77,5.98,0.34,1025.9
2026-04-04 16:09:51,320,1,4.621519,101.6483,4.000e-05,0.000e+00,2.9797,2.77,5.98,0.33,1055.9
2026-04-04 16:10:21,330,1,4.493895,89.4693,4.000e-05,0.000e+00,2.9937,2.76,5.98,0.33,1086.0
2026-04-04 16:10:51,340,1,4.468591,87.2337,4.000e-05,0.000e+00,2.6906,2.76,5.98,0.33,1116.1
2026-04-04 16:11:23,350,1,4.388853,80.5479,4.000e-05,0.000e+00,2.8547,2.76,5.98,0.31,1148.4
2026-04-04 16:11:58,360,1,4.501547,90.1565,4.000e-05,0.000e+00,2.7406,2.76,5.98,0.29,1183.1
2026-04-04 16:12:31,370,1,4.526105,92.3979,4.000e-05,0.000e+00,2.7625,2.77,5.98,0.30,1216.8
2026-04-04 16:13:08,380,1,4.603148,99.7980,4.000e-05,0.000e+00,2.6812,2.77,5.98,0.27,1253.6
2026-04-04 16:13:41,390,1,4.590367,98.5305,4.000e-05,0.000e+00,2.7094,2.77,5.98,0.30,1286.5
2026-04-04 16:14:14,400,1,4.569141,96.4612,4.000e-05,0.000e+00,2.9281,2.76,5.98,0.30,1319.8
2026-04-04 16:14:51,410,1,4.494117,89.4891,4.000e-05,0.000e+00,2.8703,2.76,5.98,0.27,1356.7
2026-04-04 16:15:24,420,1,4.422519,83.3059,4.000e-05,0.000e+00,2.6781,2.77,5.98,0.31,1389.0
2026-04-04 16:15:58,430,1,4.492102,89.3089,4.000e-05,0.000e+00,2.8859,2.78,5.98,0.29,1423.2
2026-04-04 16:16:31,440,1,4.609238,100.4076,4.000e-05,0.000e+00,2.8719,2.79,5.98,0.30,1456.5
2026-04-04 16:17:03,450,1,4.397419,81.2409,4.000e-05,0.000e+00,2.6766,2.79,5.98,0.33,1488.1
2026-04-04 16:17:33,460,1,4.491235,89.2316,4.000e-05,0.000e+00,2.7250,2.77,5.98,0.33,1518.0
2026-04-04 16:18:02,470,1,4.457235,86.2487,4.000e-05,0.000e+00,2.7844,2.77,5.98,0.34,1547.8
2026-04-04 16:18:39,480,1,4.453411,85.9195,4.000e-05,0.000e+00,2.6828,2.79,5.98,0.28,1584.0
2026-04-04 16:19:08,490,1,4.373983,79.3591,4.000e-05,0.000e+00,2.6313,2.76,5.98,0.34,1613.7
2026-04-04 16:19:37,500,1,4.300858,73.7630,4.000e-05,0.000e+00,2.4234,2.77,5.98,0.35,1642.7
2026-04-04 16:20:07,510,1,4.350130,77.4885,4.000e-05,0.000e+00,2.6281,2.77,5.98,0.33,1672.8
2026-04-04 16:20:39,520,1,4.321522,75.3032,3.999e-05,0.000e+00,2.7062,2.76,5.98,0.32,1704.5
2026-04-04 16:21:12,530,1,4.448974,85.5391,3.999e-05,0.000e+00,2.6578,2.78,5.98,0.30,1737.4
2026-04-04 16:21:47,540,1,4.514972,91.3750,3.999e-05,0.000e+00,2.6453,2.78,5.98,0.29,1772.1
2026-04-04 16:22:20,550,1,4.394283,80.9865,3.999e-05,0.000e+00,2.8234,2.77,5.98,0.30,1805.6
2026-04-04 16:22:53,560,1,4.341806,76.8462,3.999e-05,0.000e+00,2.6328,2.76,5.98,0.30,1838.8
2026-04-04 16:23:20,570,1,4.384348,80.1859,3.999e-05,0.000e+00,2.6797,2.76,5.98,0.38,1865.4
2026-04-04 16:23:45,580,1,4.469603,87.3220,3.999e-05,0.000e+00,2.4438,2.77,5.98,0.39,1890.8
2026-04-04 16:24:11,590,1,4.583405,97.8470,3.999e-05,0.000e+00,2.7078,2.76,5.98,0.39,1916.1
2026-04-04 16:24:36,600,1,4.376059,79.5240,3.999e-05,0.000e+00,2.5594,2.76,5.98,0.40,1941.4
2026-04-04 16:25:01,610,1,4.434291,84.2924,3.999e-05,0.000e+00,2.6016,2.78,5.98,0.40,1966.6
2026-04-04 16:25:27,620,1,4.286632,72.7211,3.999e-05,0.000e+00,2.5406,2.77,5.98,0.39,1992.0
2026-04-04 16:25:52,630,1,4.304865,74.0592,3.999e-05,0.000e+00,2.6000,2.78,5.98,0.40,2017.3
2026-04-04 16:26:17,640,1,4.376570,79.5646,3.999e-05,0.000e+00,2.5922,2.77,5.98,0.39,2042.6
2026-04-04 16:26:43,650,1,4.392270,80.8237,3.999e-05,0.000e+00,2.5109,2.77,5.98,0.40,2067.9
2026-04-04 16:27:08,660,1,4.498442,89.8770,3.999e-05,0.000e+00,2.8813,2.78,5.98,0.39,2093.3
2026-04-04 16:27:33,670,1,4.199114,66.6273,3.999e-05,0.000e+00,3.1656,2.77,5.98,0.40,2118.4
2026-04-04 16:27:58,680,1,4.417816,82.9150,3.999e-05,0.000e+00,3.4703,2.76,5.98,0.40,2143.6
2026-04-04 16:28:24,690,1,4.432245,84.1201,3.999e-05,0.000e+00,2.5461,2.77,5.98,0.40,2168.9
2026-04-04 16:28:49,700,1,4.387261,80.4199,3.999e-05,0.000e+00,2.5117,2.76,5.98,0.40,2194.1
2026-04-04 16:29:14,710,1,4.243128,69.6253,3.998e-05,0.000e+00,2.5688,2.76,5.98,0.40,2219.2
2026-04-04 16:29:39,720,1,4.261500,70.9163,3.998e-05,0.000e+00,2.4875,2.78,5.98,0.40,2244.2
2026-04-04 16:30:04,730,1,4.307359,74.2441,3.998e-05,0.000e+00,2.6344,2.77,5.98,0.40,2269.5
2026-04-04 16:30:29,740,1,4.362757,78.4732,3.998e-05,0.000e+00,2.4172,2.77,5.98,0.40,2294.7
2026-04-04 16:30:54,750,1,4.357084,78.0293,3.998e-05,0.000e+00,2.4750,2.77,5.98,0.40,2319.8
2026-04-04 16:31:20,760,1,4.320885,75.2552,3.998e-05,0.000e+00,2.7953,2.77,5.98,0.40,2345.0
2026-04-04 16:31:45,770,1,4.157734,63.9265,3.998e-05,0.000e+00,2.5578,2.77,5.98,0.40,2370.1
2026-04-04 16:32:10,780,1,4.300550,73.7404,3.998e-05,0.000e+00,2.3766,2.76,5.98,0.40,2395.3
2026-04-04 16:32:35,790,1,4.476778,87.9508,3.998e-05,0.000e+00,2.6516,2.77,5.98,0.40,2420.4
2026-04-04 16:33:02,800,1,4.251109,70.1832,3.998e-05,0.000e+00,2.4797,2.78,5.98,0.38,2447.0
2026-04-04 16:33:34,810,1,4.421423,83.2146,3.998e-05,0.000e+00,2.3906,2.77,5.98,0.31,2479.6
2026-04-04 16:34:00,820,1,4.288520,72.8585,3.998e-05,0.000e+00,2.7031,2.78,5.98,0.38,2505.6
2026-04-04 16:34:28,830,1,4.242418,69.5759,3.998e-05,0.000e+00,2.8469,2.79,5.98,0.36,2533.6
2026-04-04 16:34:55,840,1,4.182587,65.5352,3.997e-05,0.000e+00,2.3563,2.77,5.98,0.37,2560.4
2026-04-04 16:35:23,850,1,4.245302,69.7768,3.997e-05,0.000e+00,2.5609,2.79,5.98,0.36,2588.1
2026-04-04 16:35:50,860,1,4.083037,59.3254,3.997e-05,0.000e+00,2.5203,2.76,5.98,0.37,2615.0
2026-04-04 16:36:18,870,1,4.358609,78.1484,3.997e-05,0.000e+00,2.5750,2.77,5.98,0.35,2643.8
2026-04-04 16:36:46,880,1,4.441799,84.9276,3.997e-05,0.000e+00,2.4625,2.76,5.98,0.38,2671.1
2026-04-04 16:37:13,890,1,4.396166,81.1392,3.997e-05,0.000e+00,2.6688,2.78,5.98,0.36,2698.6
2026-04-04 16:37:40,900,1,4.391373,80.7512,3.997e-05,0.000e+00,2.5914,2.77,5.98,0.37,2725.6
2026-04-04 16:51:16,910,1,4.531216,92.8714,3.997e-05,0.000e+00,2.4844,2.76,5.98,0.01,3541.6
2026-04-04 16:51:44,920,1,4.339508,76.6698,3.997e-05,0.000e+00,2.4016,2.76,5.98,0.36,3569.1
2026-04-04 16:52:10,930,1,4.321359,75.2909,3.997e-05,0.000e+00,2.7812,2.77,5.98,0.38,3595.7
2026-04-04 16:52:37,940,1,4.401630,81.5838,3.997e-05,0.000e+00,2.4281,2.76,5.98,0.38,3622.2
2026-04-04 16:53:04,950,1,4.270835,71.5814,3.996e-05,0.000e+00,2.5266,2.78,5.98,0.37,3649.1
2026-04-04 16:53:31,960,1,4.183446,65.5915,3.996e-05,0.000e+00,2.4781,2.78,5.98,0.37,3675.9
2026-04-04 16:53:59,970,1,4.223299,68.2583,3.996e-05,0.000e+00,2.6469,2.78,5.98,0.36,3704.0
2026-04-04 16:54:29,980,1,4.234444,69.0233,3.996e-05,0.000e+00,2.6531,2.76,5.98,0.33,3734.1
2026-04-04 16:55:06,990,1,4.372777,79.2634,3.996e-05,0.000e+00,2.5453,2.78,5.98,0.27,3771.0
2026-04-04 16:55:37,1000,1,4.254780,70.4413,3.996e-05,0.000e+00,2.8164,2.76,5.98,0.32,3802.1
2026-04-04 16:56:08,1010,1,4.184361,65.6516,3.996e-05,0.000e+00,2.7313,2.77,5.98,0.32,3833.6
2026-04-04 16:56:37,1020,1,4.362565,78.4581,3.996e-05,0.000e+00,2.6922,2.76,5.98,0.35,3862.4
2026-04-04 16:57:06,1030,1,4.296796,73.4640,3.996e-05,0.000e+00,2.5109,2.77,5.98,0.35,3891.1
2026-04-04 16:57:35,1040,1,4.206896,67.1478,3.995e-05,0.000e+00,2.7781,2.77,5.98,0.34,3920.6
2026-04-04 16:58:07,1050,1,4.396948,81.2027,3.995e-05,0.000e+00,2.6719,2.76,5.98,0.31,3952.4
2026-04-04 16:58:38,1060,1,4.181933,65.4923,3.995e-05,0.000e+00,2.6187,2.77,5.98,0.32,3983.6
2026-04-04 16:59:09,1070,1,4.250631,70.1497,3.995e-05,0.000e+00,2.8344,2.78,5.98,0.32,4014.4
2026-04-04 16:59:39,1080,1,4.103007,60.5220,3.995e-05,0.000e+00,2.5742,2.77,5.98,0.33,4044.7
2026-04-04 17:00:09,1090,1,4.252987,70.3151,3.995e-05,0.000e+00,2.5047,2.76,5.98,0.34,4074.0
2026-04-04 17:00:38,1100,1,4.242554,69.5854,3.995e-05,0.000e+00,2.4023,2.78,5.99,0.34,4103.7
2026-04-04 17:01:10,1110,1,4.157099,63.8859,3.995e-05,0.000e+00,2.5063,2.78,5.99,0.31,4135.5
2026-04-04 17:01:41,1120,1,4.140093,62.8087,3.995e-05,0.000e+00,2.5938,2.76,5.99,0.32,4166.4
2026-04-04 17:02:14,1130,1,4.242079,69.5523,3.994e-05,0.000e+00,2.6453,2.77,5.99,0.31,4198.9
2026-04-04 17:02:44,1140,1,4.281217,72.3284,3.994e-05,0.000e+00,2.9016,2.77,5.99,0.33,4229.0
2026-04-04 17:03:14,1150,1,4.209243,67.3056,3.994e-05,0.000e+00,2.5180,2.79,5.99,0.33,4259.4
2026-04-04 17:03:45,1160,1,4.261078,70.8864,3.994e-05,0.000e+00,2.4586,2.77,5.99,0.32,4290.4
2026-04-04 17:04:17,1170,1,4.239620,69.3815,3.994e-05,0.000e+00,2.3188,2.77,5.99,0.31,4322.3
2026-04-04 17:04:49,1180,1,4.360425,78.2904,3.994e-05,0.000e+00,2.5391,2.76,5.99,0.31,4354.3
2026-04-04 17:05:19,1190,1,4.341293,76.8068,3.994e-05,0.000e+00,2.6719,2.77,5.99,0.33,4384.4
2026-04-04 17:05:51,1200,1,4.146041,63.1833,3.993e-05,0.000e+00,2.5141,2.77,5.99,0.31,4416.6
2026-04-04 17:06:32,1210,1,4.116609,61.3508,3.993e-05,0.000e+00,2.3430,2.80,5.99,0.25,4456.9
2026-04-04 17:07:05,1220,1,4.305563,74.1109,3.993e-05,0.000e+00,2.5578,2.76,5.99,0.30,4490.1
2026-04-04 17:07:37,1230,1,4.197622,66.5279,3.993e-05,0.000e+00,2.4516,2.77,5.99,0.32,4521.9
2026-04-04 17:08:05,1240,2,4.121805,61.6705,3.993e-05,0.000e+00,2.6672,2.77,5.99,0.35,4550.8
2026-04-04 17:08:38,1250,2,4.219753,68.0167,3.993e-05,0.000e+00,2.6313,2.78,5.99,0.31,4583.0
2026-04-04 17:09:09,1260,2,4.320451,75.2226,3.993e-05,0.000e+00,2.7891,2.78,5.99,0.32,4613.9
2026-04-04 17:09:38,1270,2,4.168076,64.5911,3.992e-05,0.000e+00,2.4266,2.77,5.99,0.34,4643.3
2026-04-04 17:10:10,1280,2,4.133430,62.3916,3.992e-05,0.000e+00,2.5672,2.78,5.99,0.31,4675.7
2026-04-04 17:10:42,1290,2,4.252372,70.2719,3.992e-05,0.000e+00,2.5828,2.76,5.99,0.31,4707.6
2026-04-04 17:11:13,1300,2,4.251545,70.2138,3.992e-05,0.000e+00,2.4594,2.76,5.99,0.33,4738.0
2026-04-04 17:11:42,1310,2,4.263334,71.0465,3.992e-05,0.000e+00,2.5492,2.79,5.99,0.34,4767.7
2026-04-04 17:12:13,1320,2,4.061004,58.0325,3.992e-05,0.000e+00,2.8469,2.76,5.99,0.33,4798.2
2026-04-04 17:12:45,1330,2,4.334984,76.3237,3.992e-05,0.000e+00,2.5531,2.78,5.99,0.31,4829.9
2026-04-04 17:13:15,1340,2,4.247842,69.9543,3.991e-05,0.000e+00,2.6109,2.78,5.99,0.33,4860.5
2026-04-04 17:13:46,1350,2,4.311273,74.5353,3.991e-05,0.000e+00,2.7469,2.76,5.99,0.32,4891.4
2026-04-04 17:14:19,1360,2,4.429278,83.8709,3.991e-05,0.000e+00,2.7484,2.77,5.99,0.30,4924.4
2026-04-04 17:14:49,1370,2,4.354761,77.8482,3.991e-05,0.000e+00,2.6453,2.77,5.99,0.33,4954.6
2026-04-04 17:15:20,1380,2,4.146098,63.1869,3.991e-05,0.000e+00,2.4438,2.75,5.99,0.33,4985.0
2026-04-04 17:15:51,1390,2,4.326491,75.6783,3.991e-05,0.000e+00,2.4406,2.77,5.99,0.31,5016.8
2026-04-04 17:16:23,1400,2,4.339812,76.6931,3.990e-05,0.000e+00,2.5141,2.76,5.99,0.32,5047.9
2026-04-04 17:16:53,1410,2,4.405637,81.9113,3.990e-05,0.000e+00,2.6211,2.77,5.99,0.33,5078.5
2026-04-04 17:17:27,1420,2,4.074424,58.8166,3.990e-05,0.000e+00,2.3391,2.77,5.99,0.30,5112.2
2026-04-04 17:17:58,1430,2,4.172589,64.8832,3.990e-05,0.000e+00,2.5812,2.76,5.99,0.32,5143.4
2026-04-04 17:18:28,1440,2,4.158388,63.9683,3.990e-05,0.000e+00,2.9656,2.77,5.99,0.33,5173.7
2026-04-04 17:18:59,1450,2,4.086885,59.5541,3.990e-05,0.000e+00,2.6469,2.78,5.99,0.33,5204.2
2026-04-04 17:19:30,1460,2,4.295142,73.3426,3.989e-05,0.000e+00,3.0648,2.77,5.99,0.32,5235.0
2026-04-04 17:20:03,1470,2,4.149996,63.4338,3.989e-05,0.000e+00,2.4953,2.76,5.99,0.30,5268.8
2026-04-04 17:20:37,1480,2,4.070798,58.6037,3.989e-05,0.000e+00,2.4906,2.77,5.99,0.30,5302.4
2026-04-04 17:21:13,1490,2,4.291491,73.0754,3.989e-05,0.000e+00,2.4211,2.75,5.99,0.28,5338.1
2026-04-04 17:21:45,1500,2,4.316500,74.9259,3.989e-05,0.000e+00,2.5742,2.79,5.99,0.31,5370.1
2026-04-04 17:22:18,1510,2,4.371649,79.1741,3.989e-05,0.000e+00,2.9266,2.76,5.99,0.30,5403.1
2026-04-04 17:22:51,1520,2,4.048093,57.2881,3.988e-05,0.000e+00,2.6031,2.76,5.99,0.30,5436.6
2026-04-04 17:23:23,1530,2,4.313448,74.6976,3.988e-05,0.000e+00,2.9109,2.76,5.99,0.32,5468.1
2026-04-04 17:23:54,1540,2,4.269335,71.4741,3.988e-05,0.000e+00,2.5906,2.76,5.99,0.32,5499.5
2026-04-04 17:24:25,1550,2,4.014750,55.4094,3.988e-05,0.000e+00,2.3945,2.78,5.99,0.32,5530.5
2026-04-04 17:24:56,1560,2,4.181292,65.4503,3.988e-05,0.000e+00,2.5625,2.78,5.99,0.32,5561.6
2026-04-04 17:25:27,1570,2,4.216919,67.8242,3.987e-05,0.000e+00,2.7938,2.78,5.99,0.32,5592.4
2026-04-04 17:25:57,1580,2,4.128120,62.0611,3.987e-05,0.000e+00,2.5688,2.78,5.99,0.33,5622.5
2026-04-04 17:26:28,1590,2,4.146466,63.2102,3.987e-05,0.000e+00,2.7531,2.77,5.99,0.33,5653.1
2026-04-04 17:26:58,1600,2,4.232479,68.8878,3.987e-05,0.000e+00,2.5516,2.76,5.99,0.33,5683.5
2026-04-04 17:27:36,1610,2,4.350627,77.5270,3.987e-05,0.000e+00,2.6672,2.76,5.99,0.26,5721.6
2026-04-04 17:28:07,1620,2,4.163501,64.2963,3.986e-05,0.000e+00,2.6969,2.76,5.99,0.32,5752.7
2026-04-04 17:28:37,1630,2,4.243800,69.6721,3.986e-05,0.000e+00,2.6672,2.77,5.99,0.33,5782.8
2026-04-04 17:29:07,1640,2,4.138853,62.7308,3.986e-05,0.000e+00,2.7687,2.77,5.99,0.34,5812.3
2026-04-04 17:29:37,1650,2,4.237723,69.2500,3.986e-05,0.000e+00,2.8438,2.77,5.99,0.33,5842.3
2026-04-04 17:30:06,1660,2,4.028096,56.1539,3.986e-05,0.000e+00,2.5547,2.77,5.99,0.34,5871.6
2026-04-04 17:30:36,1670,2,4.143743,63.0384,3.985e-05,0.000e+00,2.7000,2.79,5.99,0.34,5901.2
2026-04-04 17:31:06,1680,2,4.001594,54.6853,3.985e-05,0.000e+00,2.6656,2.76,5.99,0.34,5931.0
2026-04-04 17:31:35,1690,2,4.206625,67.1296,3.985e-05,0.000e+00,2.4797,2.77,5.99,0.34,5960.8
2026-04-04 17:32:07,1700,2,4.121010,61.6215,3.985e-05,0.000e+00,2.7031,2.77,5.99,0.32,5992.4
2026-04-04 17:32:38,1710,2,3.959279,52.4195,3.985e-05,0.000e+00,2.8797,2.77,5.99,0.33,6022.9
2026-04-04 17:33:08,1720,2,4.320801,75.2489,3.984e-05,0.000e+00,2.7578,2.77,5.99,0.33,6053.0
2026-04-04 17:33:37,1730,2,4.145724,63.1633,3.984e-05,0.000e+00,2.9906,2.77,5.99,0.34,6082.5
2026-04-04 17:34:08,1740,2,4.362063,78.4187,3.984e-05,0.000e+00,2.4484,2.78,5.99,0.32,6113.6
2026-04-04 17:34:39,1750,2,4.093822,59.9687,3.984e-05,0.000e+00,2.5391,2.78,5.99,0.33,6144.1
2026-04-04 17:35:08,1760,2,4.306202,74.1583,3.984e-05,0.000e+00,2.8359,2.76,5.99,0.34,6173.8
2026-04-04 17:35:38,1770,2,4.254949,70.4532,3.983e-05,0.000e+00,3.0438,2.77,5.99,0.34,6203.6
2026-04-04 17:36:10,1780,2,4.176479,65.1361,3.983e-05,0.000e+00,2.9828,2.77,5.99,0.32,6235.3
2026-04-04 17:36:40,1790,2,4.253154,70.3269,3.983e-05,0.000e+00,2.7906,2.77,5.99,0.33,6265.7
2026-04-04 17:37:09,1800,2,4.247896,69.9581,3.983e-05,0.000e+00,2.9281,2.75,5.99,0.35,6294.5
2026-04-04 17:52:37,1810,2,4.153432,63.6521,3.982e-05,0.000e+00,2.8906,2.76,5.99,0.01,7222.1
2026-04-04 17:53:03,1820,2,4.172745,64.8933,3.982e-05,0.000e+00,2.6203,2.77,5.99,0.38,7248.6
2026-04-04 17:53:30,1830,2,4.387335,80.4258,3.982e-05,0.000e+00,3.3047,2.78,5.99,0.37,7275.4
2026-04-04 17:53:57,1840,2,4.369898,79.0356,3.982e-05,0.000e+00,3.1437,2.76,5.99,0.37,7302.1
2026-04-04 17:54:23,1850,2,4.178331,65.2568,3.982e-05,0.000e+00,2.7344,2.77,5.99,0.38,7328.1
2026-04-04 17:54:49,1860,2,4.157689,63.9236,3.981e-05,0.000e+00,2.4484,2.79,5.99,0.38,7354.5
2026-04-04 17:55:15,1870,2,4.069573,58.5320,3.981e-05,0.000e+00,2.6047,2.78,5.99,0.38,7380.8
2026-04-04 17:55:41,1880,2,4.310867,74.5050,3.981e-05,0.000e+00,3.2250,2.77,5.99,0.40,7406.0
2026-04-04 17:56:06,1890,2,4.263888,71.0858,3.981e-05,0.000e+00,2.7391,2.77,5.99,0.40,7430.9
2026-04-04 17:56:31,1900,2,4.227203,68.5253,3.980e-05,0.000e+00,2.6859,2.77,5.99,0.40,7456.0
2026-04-04 17:56:56,1910,2,4.430228,83.9506,3.980e-05,0.000e+00,2.5711,2.78,5.99,0.40,7480.9
2026-04-04 17:57:21,1920,2,4.220655,68.0781,3.980e-05,0.000e+00,3.1734,2.77,5.99,0.40,7506.0
2026-04-04 17:57:46,1930,2,4.083126,59.3307,3.980e-05,0.000e+00,3.1156,2.77,5.99,0.40,7530.9
2026-04-04 17:58:10,1940,2,4.095656,60.0788,3.979e-05,0.000e+00,2.5891,2.77,5.99,0.40,7555.9
2026-04-04 17:58:36,1950,2,4.067445,58.4075,3.979e-05,0.000e+00,2.7313,2.78,5.99,0.40,7580.9
2026-04-04 17:59:00,1960,2,4.242060,69.5510,3.979e-05,0.000e+00,2.8656,2.78,5.99,0.40,7605.8
2026-04-04 17:59:25,1970,2,4.197898,66.5463,3.979e-05,0.000e+00,2.7453,2.77,5.99,0.40,7630.8
2026-04-04 17:59:50,1980,2,4.153735,63.6714,3.978e-05,0.000e+00,2.5500,2.78,5.99,0.40,7655.8
2026-04-04 18:00:15,1990,2,4.270118,71.5301,3.978e-05,0.000e+00,2.7016,2.76,5.99,0.40,7680.8
2026-04-04 18:00:40,2000,2,4.116597,61.3501,3.978e-05,3.000e-13,2.4453,2.80,5.99,0.40,7705.8
2026-04-04 18:13:24,2010,2,4.307189,74.2315,3.978e-05,1.200e-06,3.1309,2.82,6.61,0.01,8469.3
2026-04-04 18:13:57,2020,2,4.259975,70.8082,3.977e-05,2.400e-06,3.0919,2.83,6.76,0.30,8502.2
2026-04-04 18:14:26,2030,2,4.411645,82.4049,3.977e-05,3.600e-06,3.2060,2.81,6.76,0.34,8531.5
2026-04-04 18:14:54,2040,2,4.301014,73.7746,3.977e-05,4.800e-06,3.1962,2.84,6.82,0.35,8559.8
2026-04-04 18:15:22,2050,2,4.189924,66.0178,3.977e-05,6.000e-06,3.2920,2.83,6.82,0.36,8587.6
2026-04-04 18:15:50,2060,2,4.262150,70.9624,3.976e-05,7.200e-06,3.0951,2.82,6.82,0.36,8615.5
2026-04-04 18:16:18,2070,2,4.294708,73.3108,3.976e-05,8.400e-06,3.0945,2.82,6.82,0.35,8643.7
2026-04-04 18:16:46,2080,2,4.223369,68.2630,3.976e-05,9.600e-06,3.2518,2.84,6.82,0.36,8671.8
2026-04-04 18:17:15,2090,2,4.247880,69.9570,3.976e-05,1.080e-05,3.3779,2.81,6.82,0.36,8699.9
2026-04-04 18:17:43,2100,2,4.153084,63.6300,3.975e-05,1.200e-05,3.4699,2.83,6.82,0.36,8728.0
2026-04-04 18:18:11,2110,2,4.212763,67.5429,3.975e-05,1.320e-05,3.4017,2.82,6.82,0.36,8756.1
2026-04-04 18:18:39,2120,2,4.319460,75.1480,3.975e-05,1.440e-05,3.0400,2.83,6.82,0.36,8784.2
2026-04-04 18:19:07,2130,2,4.133752,62.4116,3.975e-05,1.560e-05,2.9773,2.82,6.82,0.36,8812.1
2026-04-04 18:19:35,2140,2,4.192595,66.1943,3.974e-05,1.680e-05,2.9845,2.82,6.82,0.36,8840.1
2026-04-04 18:20:03,2150,2,4.173964,64.9725,3.974e-05,1.800e-05,3.0878,2.81,6.95,0.36,8868.1
2026-04-04 18:20:31,2160,2,4.097170,60.1697,3.974e-05,1.920e-05,3.5095,2.81,6.95,0.35,8896.5
2026-04-04 18:20:59,2170,2,4.207834,67.2108,3.973e-05,2.040e-05,3.2949,2.82,6.95,0.36,8924.3
2026-04-04 18:21:27,2180,2,4.272896,71.7291,3.973e-05,2.160e-05,3.0964,2.81,6.95,0.36,8952.4
2026-04-04 18:21:55,2190,2,4.362081,78.4202,3.973e-05,2.280e-05,3.3245,2.82,6.95,0.36,8980.4
2026-04-04 18:22:23,2200,2,4.311676,74.5654,3.973e-05,2.400e-05,3.5799,2.82,6.95,0.36,9008.4
2026-04-04 18:22:51,2210,2,4.206528,67.1231,3.972e-05,2.520e-05,3.1181,2.82,6.95,0.36,9036.4
2026-04-04 18:23:19,2220,2,4.103476,60.5504,3.972e-05,2.640e-05,3.1704,2.80,6.95,0.36,9064.4
2026-04-04 18:23:47,2230,2,4.155485,63.7829,3.972e-05,2.760e-05,3.3744,2.81,6.95,0.35,9092.6
2026-04-04 18:24:16,2240,2,4.135030,62.4915,3.971e-05,2.880e-05,3.2998,2.82,6.95,0.35,9121.0
2026-04-04 18:24:44,2250,2,3.994181,54.2814,3.971e-05,3.000e-05,3.0798,2.81,6.95,0.35,9149.2
2026-04-04 18:25:12,2260,2,4.119835,61.5491,3.971e-05,3.000e-05,3.1827,2.82,6.95,0.35,9177.5
2026-04-04 18:25:40,2270,2,4.210587,67.3961,3.971e-05,3.000e-05,3.1211,2.81,6.95,0.35,9205.8
2026-04-04 18:26:09,2280,2,4.176112,65.1122,3.970e-05,3.000e-05,3.0746,2.84,6.95,0.36,9233.9
2026-04-04 18:26:37,2290,2,4.088799,59.6682,3.970e-05,3.000e-05,3.0701,2.82,6.95,0.35,9262.2
2026-04-04 18:27:05,2300,2,4.117406,61.3998,3.970e-05,3.000e-05,3.4611,2.82,6.95,0.35,9290.4
2026-04-04 18:41:06,2310,2,4.085053,59.4451,3.969e-05,3.000e-05,3.1557,2.81,6.95,0.01,10131.3
2026-04-04 18:41:35,2320,2,4.185757,65.7432,3.969e-05,3.000e-05,3.0651,2.81,6.95,0.35,10160.0
2026-04-04 18:42:03,2330,2,4.337236,76.4958,3.969e-05,3.000e-05,3.1556,2.83,6.95,0.36,10188.1
2026-04-04 18:42:31,2340,2,4.192407,66.1819,3.969e-05,3.000e-05,2.9749,2.82,6.95,0.36,10216.1
2026-04-04 18:42:59,2350,2,4.096981,60.1584,3.968e-05,3.000e-05,3.7045,2.82,6.95,0.36,10244.1
2026-04-04 18:43:27,2360,2,4.146081,63.1859,3.968e-05,3.000e-05,3.0502,2.80,6.95,0.36,10272.2
2026-04-04 18:43:55,2370,2,4.224985,68.3735,3.968e-05,3.000e-05,3.6559,2.82,6.95,0.36,10300.0
2026-04-04 18:44:23,2380,2,4.269225,71.4662,3.967e-05,3.000e-05,3.2985,2.82,6.95,0.36,10328.0
2026-04-04 18:44:51,2390,2,4.270357,71.5472,3.967e-05,3.000e-05,3.3979,2.82,6.95,0.36,10356.0
2026-04-04 18:45:18,2400,2,4.162101,64.2063,3.967e-05,3.000e-05,3.6101,2.82,6.95,0.36,10383.8
2026-04-04 18:45:54,2410,2,4.232797,68.9097,3.966e-05,3.000e-05,3.2465,2.81,6.95,0.28,10419.7
2026-04-04 18:46:22,2420,2,4.110029,60.9485,3.966e-05,3.000e-05,3.2490,2.82,6.95,0.36,10447.7
2026-04-04 18:46:50,2430,2,4.151411,63.5236,3.966e-05,3.000e-05,3.6996,2.81,6.95,0.36,10475.7
2026-04-04 18:47:18,2440,2,4.034596,56.5201,3.965e-05,3.000e-05,3.4471,2.83,6.95,0.36,10503.6
2026-04-04 18:47:46,2450,2,4.286307,72.6975,3.965e-05,3.000e-05,3.3504,2.82,6.95,0.36,10531.5
2026-04-04 18:48:14,2460,2,4.100892,60.3941,3.965e-05,3.000e-05,3.3230,2.81,6.95,0.35,10559.8
2026-04-04 18:48:40,2470,2,4.364494,78.6096,3.965e-05,3.000e-05,4.2684,2.80,6.95,0.39,10585.6
2026-04-04 18:49:08,2480,3,4.170608,64.7548,3.964e-05,3.000e-05,3.7567,2.81,6.95,0.36,10613.6
2026-04-04 18:49:37,2490,3,4.024497,55.9522,3.964e-05,3.000e-05,3.6878,2.86,6.95,0.35,10642.0
2026-04-04 18:50:05,2500,3,4.090696,59.7815,3.964e-05,3.000e-05,3.3654,2.82,6.95,0.36,10670.0
2026-04-04 18:50:33,2510,3,4.235851,69.1205,3.963e-05,3.000e-05,3.3772,2.83,6.95,0.36,10698.1
2026-04-04 18:51:01,2520,3,4.242070,69.5517,3.963e-05,3.000e-05,3.4321,2.84,6.95,0.36,10726.2
2026-04-04 18:51:29,2530,3,3.923559,50.5801,3.963e-05,3.000e-05,3.6352,2.82,6.95,0.36,10754.1
2026-04-04 18:51:57,2540,3,4.259614,70.7827,3.962e-05,2.999e-05,3.4566,2.82,6.95,0.36,10782.3
2026-04-04 18:52:25,2550,3,4.140566,62.8384,3.962e-05,2.999e-05,3.6330,2.82,6.95,0.36,10810.3
2026-04-04 18:52:53,2560,3,3.920564,50.4289,3.962e-05,2.999e-05,4.2018,2.82,6.95,0.36,10838.2
2026-04-04 18:53:21,2570,3,4.080273,59.1616,3.961e-05,2.999e-05,4.4663,2.81,6.95,0.36,10866.2
2026-04-04 18:53:49,2580,3,4.102989,60.5209,3.961e-05,2.999e-05,3.6032,2.82,6.95,0.36,10894.0
2026-04-04 18:54:17,2590,3,4.263151,71.0335,3.961e-05,2.999e-05,3.7441,2.82,6.95,0.36,10922.0
2026-04-04 18:54:45,2600,3,4.003927,54.8130,3.960e-05,2.999e-05,3.4818,2.82,6.95,0.36,10949.9
2026-04-04 19:07:47,2610,3,4.112767,61.1156,3.960e-05,2.999e-05,3.5275,2.81,6.95,0.01,11732.0
2026-04-04 19:08:15,2620,3,4.112061,61.0724,3.960e-05,2.999e-05,3.9535,2.82,6.95,0.36,11760.0
2026-04-04 19:08:43,2630,3,4.072258,58.6893,3.959e-05,2.999e-05,3.4076,2.84,6.95,0.36,11787.9
2026-04-04 19:09:10,2640,3,3.940407,51.4395,3.959e-05,2.999e-05,3.5051,2.81,6.95,0.36,11815.8
2026-04-04 19:09:39,2650,3,4.066739,58.3663,3.959e-05,2.999e-05,3.7287,2.81,6.95,0.36,11843.9
2026-04-04 19:10:06,2660,3,4.159166,64.0181,3.958e-05,2.999e-05,3.9182,2.81,6.95,0.36,11871.8
2026-04-04 19:10:34,2670,3,3.904112,49.6060,3.958e-05,2.999e-05,3.6623,2.83,6.95,0.36,11899.6
2026-04-04 19:11:02,2680,3,3.986829,53.8838,3.958e-05,2.999e-05,3.8578,2.84,6.95,0.36,11927.5
2026-04-04 19:11:30,2690,3,3.985649,53.8202,3.957e-05,2.999e-05,3.6944,2.81,6.95,0.36,11955.5
2026-04-04 19:11:58,2700,3,4.102315,60.4801,3.957e-05,2.999e-05,3.9114,2.82,6.95,0.36,11983.5
2026-04-04 19:12:26,2710,3,4.124207,61.8188,3.956e-05,2.999e-05,3.7308,2.84,6.95,0.36,12011.4
2026-04-04 19:12:54,2720,3,4.135417,62.5157,3.956e-05,2.999e-05,3.7040,2.82,6.95,0.36,12039.3
2026-04-04 19:13:22,2730,3,4.273478,71.7708,3.956e-05,2.999e-05,3.5216,2.82,6.95,0.36,12067.2
2026-04-04 19:13:50,2740,3,4.114331,61.2113,3.955e-05,2.999e-05,3.7501,2.81,6.95,0.36,12095.2
2026-04-04 19:14:18,2750,3,4.056506,57.7721,3.955e-05,2.998e-05,4.1708,2.82,6.95,0.36,12123.2
2026-04-04 19:14:46,2760,3,4.058704,57.8992,3.955e-05,2.998e-05,3.7627,2.82,6.95,0.36,12151.2
2026-04-04 19:15:14,2770,3,4.176778,65.1556,3.954e-05,2.998e-05,3.9386,2.83,6.95,0.36,12179.2
2026-04-04 19:15:42,2780,3,3.925715,50.6893,3.954e-05,2.998e-05,3.7672,2.82,6.95,0.36,12207.1
2026-04-04 19:16:10,2790,3,4.206702,67.1347,3.954e-05,2.998e-05,3.8295,2.80,6.95,0.36,12235.2
2026-04-04 19:16:38,2800,3,4.208823,67.2773,3.953e-05,2.998e-05,4.0077,2.81,6.95,0.36,12263.0
2026-04-04 19:17:13,2810,3,4.338092,76.5613,3.953e-05,2.998e-05,4.0097,2.84,6.95,0.28,12298.6
2026-04-04 19:17:41,2820,3,4.090752,59.7848,3.953e-05,2.998e-05,3.7344,2.82,6.95,0.35,12326.8
2026-04-04 19:18:09,2830,3,4.166325,64.4780,3.952e-05,2.998e-05,3.6855,2.82,6.95,0.36,12354.8
2026-04-04 19:18:38,2840,3,4.254886,70.4488,3.952e-05,2.998e-05,3.9868,2.80,6.95,0.35,12383.5
2026-04-04 19:19:10,2850,3,4.123204,61.7568,3.951e-05,2.998e-05,3.8655,2.81,6.95,0.32,12415.1
2026-04-04 19:19:41,2860,3,3.996350,54.3992,3.951e-05,2.998e-05,3.7807,2.81,6.95,0.32,12446.8
2026-04-04 19:20:13,2870,3,3.993420,54.2401,3.951e-05,2.998e-05,3.7681,2.85,6.95,0.32,12478.0
2026-04-04 19:20:45,2880,3,4.224764,68.3584,3.950e-05,2.998e-05,3.8890,2.81,6.95,0.31,12510.3
2026-04-04 19:21:17,2890,3,4.023485,55.8956,3.950e-05,2.998e-05,3.9107,2.81,6.95,0.31,12542.3
2026-04-04 19:21:49,2900,3,4.070369,58.5786,3.950e-05,2.997e-05,3.8195,2.81,6.95,0.31,12574.5
2026-04-04 19:34:01,2910,3,4.075011,58.8511,3.949e-05,2.997e-05,3.8228,2.82,6.95,0.01,13306.1
2026-04-04 19:34:29,2920,3,4.159509,64.0401,3.949e-05,2.997e-05,3.9251,2.81,6.95,0.35,13334.3
2026-04-04 19:34:57,2930,3,4.048697,57.3227,3.948e-05,2.997e-05,4.1126,2.82,6.95,0.36,13362.4
2026-04-04 19:35:25,2940,3,4.017327,55.5524,3.948e-05,2.997e-05,3.7473,2.80,6.95,0.36,13390.4
2026-04-04 19:35:53,2950,3,4.148621,63.3466,3.948e-05,2.997e-05,3.9635,2.81,6.95,0.36,13418.4
2026-04-04 19:36:21,2960,3,4.153803,63.6757,3.947e-05,2.997e-05,3.9730,2.82,6.95,0.36,13446.5
2026-04-04 19:36:49,2970,3,4.026674,56.0741,3.947e-05,2.997e-05,3.8544,2.81,6.95,0.36,13474.5
2026-04-04 19:37:17,2980,3,3.881885,48.5156,3.946e-05,2.997e-05,3.9465,2.82,6.95,0.36,13502.5
2026-04-04 19:37:45,2990,3,4.004387,54.8382,3.946e-05,2.997e-05,4.1430,2.81,6.95,0.36,13530.4
2026-04-04 19:38:13,3000,3,4.010927,55.1980,3.946e-05,2.997e-05,3.9777,2.81,6.95,0.36,13558.4
2026-04-04 19:38:41,3010,3,4.148403,63.3328,3.945e-05,2.997e-05,3.6402,2.81,6.95,0.36,13586.6
2026-04-04 19:39:09,3020,3,4.088829,59.6700,3.945e-05,2.996e-05,3.8565,2.82,6.95,0.36,13614.5
2026-04-04 19:39:37,3030,3,4.163250,64.2801,3.945e-05,2.996e-05,4.2527,2.81,6.95,0.36,13642.7
2026-04-04 19:40:05,3040,3,4.234425,69.0220,3.944e-05,2.996e-05,4.0123,2.83,6.95,0.36,13670.8
2026-04-04 19:40:34,3050,3,4.135331,62.5103,3.944e-05,2.996e-05,3.7046,2.82,6.95,0.36,13698.9
2026-04-04 19:41:02,3060,3,3.953460,52.1154,3.943e-05,2.996e-05,3.7151,2.81,6.95,0.36,13727.0
2026-04-04 19:41:30,3070,3,3.980653,53.5520,3.943e-05,2.996e-05,3.8122,2.82,6.95,0.36,13755.0
2026-04-04 19:41:58,3080,3,4.073270,58.7488,3.942e-05,2.996e-05,4.0397,2.82,6.95,0.35,13783.1
2026-04-04 19:42:26,3090,3,4.246121,69.8340,3.942e-05,2.996e-05,4.1700,2.83,6.95,0.35,13811.4
2026-04-04 19:42:54,3100,3,4.029296,56.2213,3.942e-05,2.996e-05,3.9618,2.82,6.95,0.36,13839.4
2026-04-04 19:43:22,3110,3,4.140298,62.8215,3.941e-05,2.996e-05,4.0706,2.82,6.95,0.36,13867.4
2026-04-04 19:43:50,3120,3,4.017183,55.5444,3.941e-05,2.995e-05,3.9020,2.82,6.95,0.35,13895.7
2026-04-04 19:44:18,3130,3,4.129945,62.1745,3.940e-05,2.995e-05,3.8511,2.81,6.95,0.36,13923.7
2026-04-04 19:44:46,3140,3,4.065986,58.3224,3.940e-05,2.995e-05,3.9191,2.85,6.95,0.36,13951.9
2026-04-04 19:45:14,3150,3,4.060105,57.9804,3.940e-05,2.995e-05,3.7716,2.83,6.95,0.36,13979.8
2026-04-04 19:45:42,3160,3,4.136088,62.5576,3.939e-05,2.995e-05,3.6878,2.82,6.95,0.36,14007.8
2026-04-04 19:46:11,3170,3,4.032317,56.3914,3.939e-05,2.995e-05,3.6351,2.82,6.95,0.36,14035.9
2026-04-04 19:46:39,3180,3,4.168081,64.5914,3.938e-05,2.995e-05,3.9626,2.81,6.95,0.36,14064.0
2026-04-04 19:47:07,3190,3,4.129370,62.1388,3.938e-05,2.995e-05,3.9691,2.82,6.95,0.36,14092.1
2026-04-04 19:47:35,3200,3,4.172154,64.8550,3.938e-05,2.995e-05,4.0302,2.83,6.95,0.36,14120.2
2026-04-04 22:06:37,3210,3,3.815142,45.3832,3.937e-05,2.994e-05,3.5505,3.03,7.23,0.09,14961.6
2026-04-04 22:07:52,3220,3,3.740749,42.1295,3.937e-05,2.994e-05,3.7118,3.01,7.23,0.14,15036.7
2026-04-04 22:09:09,3230,3,4.071496,58.6446,3.936e-05,2.994e-05,3.3588,3.01,7.23,0.13,15112.9
2026-04-04 22:10:33,3240,3,4.045109,57.1174,3.936e-05,2.994e-05,3.3016,3.01,7.23,0.12,15197.2
2026-04-04 22:12:02,3250,3,4.068496,58.4689,3.935e-05,2.994e-05,3.5621,3.02,7.23,0.11,15286.5
2026-04-04 22:13:32,3260,3,3.582183,35.9519,3.935e-05,2.994e-05,3.4090,3.00,7.23,0.11,15376.0
2026-04-04 22:14:57,3270,3,3.797842,44.6048,3.935e-05,2.994e-05,3.4580,2.99,7.23,0.12,15461.1
2026-04-04 22:16:22,3280,3,4.216691,67.8088,3.934e-05,2.994e-05,3.6597,3.00,7.23,0.12,15545.9
2026-04-04 22:17:52,3290,3,3.750930,42.5606,3.934e-05,2.993e-05,3.5595,3.02,7.29,0.11,15636.6
2026-04-04 22:19:20,3300,3,3.937962,51.3139,3.933e-05,2.993e-05,4.0396,3.02,7.29,0.11,15723.9
2026-04-04 22:20:32,3310,3,3.784132,43.9975,3.933e-05,2.993e-05,3.6756,3.03,7.29,0.14,15796.5
2026-04-04 22:21:44,3320,3,3.875983,48.2301,3.932e-05,2.993e-05,3.4919,3.00,7.29,0.14,15868.3
2026-04-04 22:22:52,3330,3,4.068390,58.4628,3.932e-05,2.993e-05,3.6668,3.00,7.35,0.15,15936.2
2026-04-04 22:24:00,3340,3,3.081140,21.7832,3.932e-05,2.993e-05,3.9621,3.00,7.35,0.15,16004.5
2026-04-04 22:25:11,3350,3,3.716137,41.1053,3.931e-05,2.993e-05,3.6299,3.00,7.35,0.14,16074.9
2026-04-04 22:26:19,3360,3,3.683893,39.8010,3.931e-05,2.993e-05,3.6912,3.03,7.35,0.15,16143.3
2026-04-04 22:27:26,3370,3,4.302165,73.8595,3.930e-05,2.992e-05,3.7483,3.01,7.49,0.15,16210.7
2026-04-04 22:28:36,3380,3,3.986903,53.8877,3.930e-05,2.992e-05,3.5664,3.02,7.49,0.14,16280.2
2026-04-04 22:29:47,3390,3,3.887685,48.7978,3.929e-05,2.992e-05,3.5273,3.01,7.50,0.14,16351.7
2026-04-04 22:31:01,3400,3,4.147858,63.2983,3.929e-05,2.992e-05,3.4859,3.02,7.50,0.14,16425.6
2026-04-04 22:32:11,3410,3,4.115305,61.2709,3.928e-05,2.992e-05,3.8060,3.04,7.50,0.14,16494.8
2026-04-04 22:33:22,3420,3,4.103117,60.5287,3.928e-05,2.992e-05,3.6412,3.02,7.50,0.14,16566.3
2026-04-04 22:34:29,3430,3,3.789281,44.2246,3.927e-05,2.992e-05,3.7145,3.01,7.50,0.15,16632.9
2026-04-04 22:35:34,3440,3,4.032107,56.3796,3.927e-05,2.991e-05,3.7850,3.01,7.50,0.15,16698.7
2026-04-04 22:36:41,3450,3,3.953247,52.1043,3.927e-05,2.991e-05,3.6299,3.02,7.50,0.15,16765.5
2026-04-04 22:37:49,3460,3,3.701889,40.5238,3.926e-05,2.991e-05,3.5472,3.01,7.50,0.15,16833.5
2026-04-04 22:38:59,3470,3,4.058709,57.8995,3.926e-05,2.991e-05,3.6568,3.00,7.50,0.14,16902.9
2026-04-04 22:40:10,3480,3,3.746755,42.3833,3.925e-05,2.991e-05,3.5012,3.04,7.50,0.14,16974.7
2026-04-04 22:41:22,3490,3,3.903559,49.5786,3.925e-05,2.991e-05,3.7623,3.04,7.51,0.14,17046.1
2026-04-04 22:42:32,3500,3,3.926374,50.7227,3.924e-05,2.991e-05,3.6036,3.00,7.51,0.14,17116.3
2026-04-04 22:55:22,3510,3,4.011006,55.2024,3.924e-05,2.990e-05,3.7916,3.02,7.51,0.01,17886.4
2026-04-04 22:55:55,3520,3,3.849194,46.9552,3.923e-05,2.990e-05,3.7017,2.99,7.51,0.31,17918.8
2026-04-04 22:56:27,3530,3,4.072703,58.7155,3.923e-05,2.990e-05,3.6365,3.01,7.51,0.31,17950.7
2026-04-04 22:57:07,3540,3,4.115118,61.2595,3.922e-05,2.990e-05,3.6721,3.03,7.51,0.25,17991.0
2026-04-04 22:57:51,3550,3,4.095029,60.0411,3.922e-05,2.990e-05,3.9395,3.01,7.51,0.23,18035.4
2026-04-04 22:58:37,3560,3,3.982016,53.6250,3.921e-05,2.990e-05,3.7022,3.00,7.51,0.22,18081.5
2026-04-04 22:59:21,3570,3,3.788133,44.1739,3.921e-05,2.989e-05,3.6853,3.00,7.51,0.23,18125.6
2026-04-04 23:00:05,3580,3,3.726541,41.5352,3.921e-05,2.989e-05,3.9453,3.00,7.51,0.23,18169.3
2026-04-04 23:00:51,3590,3,4.090785,59.7868,3.920e-05,2.989e-05,3.7311,3.01,7.51,0.22,18214.9
2026-04-04 23:01:35,3600,3,4.038310,56.7304,3.920e-05,2.989e-05,3.5733,3.01,7.51,0.23,18259.1
2026-04-04 23:02:10,3610,3,3.934768,51.1503,3.919e-05,2.989e-05,3.4502,3.04,7.51,0.28,18294.7
2026-04-04 23:02:42,3620,3,3.780586,43.8417,3.919e-05,2.989e-05,3.7408,3.01,7.51,0.31,18326.5
2026-04-04 23:03:25,3630,3,3.778879,43.7669,3.918e-05,2.988e-05,4.0473,3.00,7.51,0.24,18368.9
2026-04-04 23:04:16,3640,3,3.903417,49.5716,3.918e-05,2.988e-05,3.9762,2.99,7.51,0.20,18420.1
2026-04-04 23:05:08,3650,3,3.885394,48.6861,3.917e-05,2.988e-05,3.7784,3.05,7.51,0.19,18471.8
2026-04-04 23:06:00,3660,3,3.709953,40.8519,3.917e-05,2.988e-05,3.6732,3.02,7.51,0.19,18524.4
2026-04-04 23:06:50,3670,3,4.066013,58.3240,3.916e-05,2.988e-05,3.8852,3.00,7.51,0.20,18574.5
2026-04-04 23:07:41,3680,3,3.788837,44.2050,3.916e-05,2.988e-05,3.6317,3.04,7.51,0.20,18625.5
2026-04-04 23:08:34,3690,3,3.854172,47.1895,3.915e-05,2.987e-05,3.6524,3.03,7.51,0.19,18678.2
2026-04-04 23:09:27,3700,3,4.015697,55.4620,3.915e-05,2.987e-05,3.7438,3.03,7.51,0.19,18731.1
2026-04-04 23:10:17,3710,4,3.829568,46.0426,3.914e-05,2.987e-05,3.5956,3.02,7.51,0.20,18780.9
2026-04-04 23:11:08,3720,4,3.959799,52.4468,3.914e-05,2.987e-05,3.7044,3.01,7.51,0.20,18831.9
2026-04-04 23:11:58,3730,4,4.054098,57.6332,3.913e-05,2.987e-05,4.0359,3.02,7.51,0.20,18882.4
2026-04-04 23:12:49,3740,4,3.914683,50.1332,3.913e-05,2.987e-05,3.9133,3.01,7.51,0.20,18933.1
2026-04-04 23:13:42,3750,4,4.139209,62.7531,3.912e-05,2.986e-05,3.7215,3.02,7.51,0.19,18985.9
2026-04-04 23:14:31,3760,4,3.858831,47.4099,3.912e-05,2.986e-05,3.7929,3.03,7.51,0.20,19035.5
2026-04-04 23:15:23,3770,4,4.155188,63.7640,3.911e-05,2.986e-05,3.8935,3.02,7.51,0.19,19087.5
2026-04-04 23:16:18,3780,4,3.892330,49.0250,3.911e-05,2.986e-05,3.8238,3.03,7.52,0.18,19141.9
2026-04-04 23:17:08,3790,4,4.004918,54.8673,3.910e-05,2.986e-05,3.8481,3.03,7.52,0.20,19192.3
2026-04-04 23:17:58,3800,4,3.974428,53.2197,3.910e-05,2.985e-05,4.4248,3.01,7.52,0.20,19242.6
2026-04-04 23:32:51,3810,4,3.921845,50.4935,3.909e-05,2.985e-05,3.8680,2.99,7.52,0.01,20135.2
2026-04-04 23:34:04,3820,4,3.782478,43.9247,3.909e-05,2.985e-05,3.6281,3.05,7.52,0.14,20207.9
2026-04-04 23:35:16,3830,4,3.805485,44.9470,3.908e-05,2.985e-05,3.7896,3.03,7.52,0.14,20280.7
2026-04-04 23:36:25,3840,4,4.048854,57.3317,3.908e-05,2.985e-05,3.7835,2.99,7.52,0.15,20349.6
2026-04-04 23:37:37,3850,4,4.111096,61.0135,3.907e-05,2.985e-05,3.8338,3.01,7.52,0.14,20421.7
2026-04-04 23:38:53,3860,4,3.858622,47.4000,3.907e-05,2.984e-05,3.7670,3.03,7.52,0.13,20497.0
2026-04-04 23:40:08,3870,4,4.147710,63.2889,3.906e-05,2.984e-05,4.0631,3.02,7.52,0.13,20572.5
2026-04-04 23:41:30,3880,4,4.087741,59.6051,3.906e-05,2.984e-05,3.9526,3.01,7.52,0.12,20654.0
2026-04-04 23:42:56,3890,4,4.034855,56.5347,3.905e-05,2.984e-05,3.8478,3.02,7.52,0.12,20740.3
2026-04-04 23:44:28,3900,4,3.753943,42.6891,3.905e-05,2.984e-05,3.9188,3.01,7.52,0.11,20832.2
2026-04-04 23:45:46,3910,4,4.073472,58.7606,3.904e-05,2.983e-05,3.9512,3.01,7.52,0.13,20910.1
2026-04-04 23:47:09,3920,4,4.010192,55.1574,3.904e-05,2.983e-05,4.0157,3.00,7.52,0.12,20992.7
2026-04-04 23:48:26,3930,4,4.082383,59.2866,3.903e-05,2.983e-05,3.8501,3.06,7.52,0.13,21070.7
2026-04-04 23:49:51,3940,4,4.098396,60.2436,3.903e-05,2.983e-05,3.6558,3.01,7.52,0.12,21155.6
2026-04-04 23:51:41,3950,4,4.207468,67.1862,3.902e-05,2.983e-05,3.9176,3.01,7.52,0.09,21265.5
2026-04-04 23:53:16,3960,4,3.883977,48.6172,3.902e-05,2.982e-05,4.1633,3.03,7.52,0.11,21360.7
2026-04-04 23:54:37,3970,4,3.759626,42.9324,3.901e-05,2.982e-05,4.0104,3.04,7.52,0.12,21441.7
2026-04-04 23:55:55,3980,4,3.605535,36.8014,3.900e-05,2.982e-05,3.9915,2.99,7.52,0.13,21519.1
2026-04-04 23:57:17,3990,4,3.910257,49.9118,3.900e-05,2.982e-05,4.2372,2.99,7.52,0.12,21601.5
2026-04-04 23:58:48,4000,4,4.040170,56.8360,3.899e-05,2.982e-05,4.0378,3.03,7.52,0.11,21692.1
2026-04-04 23:59:28,4010,4,3.958855,52.3973,3.899e-05,2.981e-05,4.2000,2.99,7.52,0.25,21732.7
2026-04-05 00:00:15,4020,4,4.007364,55.0017,3.898e-05,2.981e-05,4.0136,3.00,7.52,0.21,21779.3
2026-04-05 00:01:12,4030,4,3.790061,44.2591,3.898e-05,2.981e-05,3.9749,3.02,7.52,0.18,21836.3
2026-04-05 00:02:37,4040,4,3.987357,53.9122,3.897e-05,2.981e-05,4.0651,3.01,7.52,0.12,21921.2
2026-04-05 00:04:26,4050,4,3.911988,49.9983,3.897e-05,2.980e-05,3.9338,3.02,7.52,0.09,22030.5
2026-04-05 00:06:08,4060,4,4.028238,56.1619,3.896e-05,2.980e-05,4.0296,3.00,7.52,0.10,22132.6
2026-04-05 00:07:57,4070,4,3.679331,39.6199,3.896e-05,2.980e-05,3.9859,3.02,7.52,0.09,22241.0
2026-04-05 00:09:41,4080,4,3.580476,35.8906,3.895e-05,2.980e-05,4.0160,3.03,7.52,0.10,22344.8
2026-04-05 00:11:33,4090,4,4.158987,64.0067,3.895e-05,2.980e-05,4.0506,3.01,7.52,0.09,22457.2
2026-04-05 00:13:13,4100,4,3.826759,45.9135,3.894e-05,2.979e-05,4.1922,2.99,7.52,0.10,22557.5
2026-04-05 00:57:31,4110,4,3.689992,40.0445,3.893e-05,2.979e-05,4.0265,3.02,7.52,0.00,25215.0
2026-04-05 00:58:18,4120,4,4.045047,57.1139,3.893e-05,2.979e-05,4.1389,3.02,7.52,0.21,25262.6
2026-04-05 00:59:04,4130,4,3.858091,47.3748,3.892e-05,2.979e-05,4.0499,3.01,7.52,0.22,25308.0
2026-04-05 00:59:48,4140,4,3.932393,51.0289,3.892e-05,2.978e-05,4.0742,3.02,7.52,0.22,25352.6
2026-04-05 01:00:33,4150,4,3.935093,51.1669,3.891e-05,2.978e-05,4.2979,3.01,7.52,0.22,25397.7
2026-04-05 01:01:20,4160,4,3.912502,50.0240,3.891e-05,2.978e-05,4.1545,3.04,7.52,0.21,25444.3
2026-04-05 01:02:39,4170,4,3.853624,47.1637,3.890e-05,2.978e-05,3.7983,3.04,7.52,0.13,25523.0
2026-04-05 01:03:47,4180,4,3.870682,47.9751,3.890e-05,2.978e-05,3.8578,3.02,7.52,0.15,25591.0
2026-04-05 01:04:48,4190,4,4.124588,61.8424,3.889e-05,2.977e-05,4.0555,3.02,7.52,0.16,25652.1
2026-04-05 01:05:58,4200,4,3.754082,42.6950,3.888e-05,2.977e-05,4.0064,2.99,7.52,0.14,25722.0
2026-04-05 01:07:02,4210,4,3.640664,38.1171,3.888e-05,2.977e-05,3.8573,3.02,7.52,0.16,25785.8
2026-04-05 01:08:06,4220,4,3.684502,39.8253,3.887e-05,2.977e-05,3.9335,3.02,7.52,0.15,25850.4
2026-04-05 01:09:11,4230,4,3.850521,47.0175,3.887e-05,2.976e-05,3.8911,2.99,7.52,0.15,25915.6
2026-04-05 01:10:17,4240,4,3.984782,53.7736,3.886e-05,2.976e-05,4.0118,3.04,7.52,0.15,25981.0
2026-04-05 01:11:21,4250,4,3.334935,28.0765,3.886e-05,2.976e-05,3.9268,3.00,7.52,0.16,26045.1
2026-04-05 01:12:32,4260,4,4.106312,60.7223,3.885e-05,2.976e-05,3.9226,3.05,7.52,0.14,26116.6
2026-04-05 01:13:39,4270,4,3.259243,26.0298,3.885e-05,2.975e-05,3.8555,2.99,7.52,0.15,26182.8
2026-04-05 01:14:47,4280,4,4.143558,63.0267,3.884e-05,2.975e-05,4.2193,3.03,7.52,0.15,26251.2
2026-04-05 01:16:05,4290,4,3.778892,43.7675,3.883e-05,2.975e-05,3.8236,3.01,7.52,0.13,26329.3
2026-04-05 01:17:18,4300,4,3.950985,51.9865,3.883e-05,2.975e-05,3.8687,3.03,7.52,0.14,26402.4
2026-04-05 01:18:28,4310,4,3.946930,51.7762,3.882e-05,2.974e-05,4.1818,3.00,7.52,0.14,26472.6
2026-04-05 01:19:38,4320,4,4.018534,55.6195,3.882e-05,2.974e-05,4.1596,3.01,7.52,0.14,26542.5
2026-04-05 01:20:48,4330,4,3.935728,51.1994,3.881e-05,2.974e-05,4.1436,3.02,7.52,0.14,26612.5
2026-04-05 01:22:01,4340,4,3.602902,36.7046,3.881e-05,2.974e-05,3.7746,3.04,7.52,0.14,26684.7
2026-04-05 01:23:16,4350,4,3.989420,54.0236,3.880e-05,2.973e-05,3.8227,3.01,7.52,0.13,26760.4
2026-04-05 01:24:19,4360,4,3.876024,48.2321,3.879e-05,2.973e-05,4.0266,3.01,7.52,0.16,26822.8
2026-04-05 01:25:27,4370,4,3.912339,50.0158,3.879e-05,2.973e-05,4.0617,3.03,7.52,0.15,26891.1
2026-04-05 01:26:38,4380,4,4.134070,62.4315,3.878e-05,2.973e-05,4.1858,3.02,7.52,0.14,26961.8
2026-04-05 01:27:48,4390,4,3.761243,43.0018,3.878e-05,2.972e-05,4.1323,3.05,7.52,0.14,27032.6
2026-04-05 01:28:59,4400,4,3.993564,54.2479,3.877e-05,2.972e-05,4.2440,3.03,7.52,0.14,27103.1
2026-04-05 01:45:41,4410,4,3.906566,49.7279,3.876e-05,2.972e-05,3.9744,3.03,7.52,0.01,28104.8
2026-04-05 01:46:42,4420,4,3.976782,53.3451,3.876e-05,2.972e-05,3.9395,3.01,7.52,0.16,28166.3
2026-04-05 01:47:52,4430,4,3.750199,42.5295,3.875e-05,2.971e-05,4.1966,3.00,7.52,0.14,28236.3
2026-04-05 01:49:06,4440,4,3.899467,49.3761,3.875e-05,2.971e-05,4.1061,2.99,7.52,0.14,28310.4
2026-04-05 01:50:20,4450,4,3.924966,50.6514,3.874e-05,2.971e-05,3.7980,3.02,7.52,0.14,28384.1
2026-04-05 01:51:30,4460,4,4.033570,56.4621,3.873e-05,2.971e-05,4.1160,2.99,7.52,0.14,28454.3
2026-04-05 01:52:40,4470,4,3.843461,46.6868,3.873e-05,2.970e-05,3.8116,3.02,7.52,0.14,28524.5
2026-04-05 01:53:51,4480,4,3.843427,46.6852,3.872e-05,2.970e-05,3.9277,3.01,7.52,0.14,28595.4
2026-04-05 01:55:03,4490,4,3.697114,40.3308,3.872e-05,2.970e-05,4.0845,3.04,7.52,0.14,28667.2
2026-04-05 01:56:14,4500,4,4.042803,56.9858,3.871e-05,2.969e-05,3.8428,3.02,7.52,0.14,28738.5
2026-04-05 01:57:25,4510,4,3.834767,46.2826,3.871e-05,2.969e-05,3.9286,3.01,7.52,0.14,28809.7
2026-04-05 01:58:37,4520,4,3.803965,44.8788,3.870e-05,2.969e-05,4.1243,3.04,7.52,0.14,28881.4
2026-04-05 01:59:47,4530,4,3.856847,47.3159,3.869e-05,2.969e-05,3.8865,3.02,7.52,0.14,28951.2
2026-04-05 02:00:57,4540,4,3.695479,40.2649,3.869e-05,2.968e-05,4.1826,3.02,7.52,0.14,29021.3
2026-04-05 02:02:06,4550,4,3.758046,42.8646,3.868e-05,2.968e-05,3.9709,3.02,7.52,0.14,29090.4
2026-04-05 02:03:16,4560,4,3.572328,35.5994,3.867e-05,2.968e-05,3.9953,3.00,7.52,0.14,29160.1
2026-04-05 02:04:25,4570,4,4.080563,59.1788,3.867e-05,2.968e-05,4.1743,3.02,7.52,0.14,29229.0
2026-04-05 02:05:33,4580,4,4.083639,59.3611,3.866e-05,2.967e-05,4.0456,3.01,7.52,0.15,29297.6
2026-04-05 02:06:44,4590,4,3.928542,50.8328,3.866e-05,2.967e-05,3.9082,3.01,7.52,0.14,29368.4
2026-04-05 02:07:55,4600,4,3.668393,39.1889,3.865e-05,2.967e-05,3.8495,3.03,7.52,0.14,29438.9
2026-04-05 02:09:06,4610,4,3.652556,38.5731,3.864e-05,2.966e-05,3.8208,3.01,7.52,0.14,29510.0
2026-04-05 02:10:16,4620,4,4.080657,59.1843,3.864e-05,2.966e-05,3.8091,3.01,7.52,0.14,29580.5
2026-04-05 02:11:25,4630,4,4.110817,60.9965,3.863e-05,2.966e-05,3.9292,3.06,7.52,0.14,29649.6
2026-04-05 02:12:34,4640,5,3.718741,41.2125,3.863e-05,2.966e-05,4.1193,3.03,7.52,0.15,29718.3
2026-04-05 02:13:45,4650,5,3.762073,43.0376,3.862e-05,2.965e-05,3.9011,2.99,7.52,0.14,29789.5
2026-04-05 02:14:55,4660,5,3.922759,50.5397,3.861e-05,2.965e-05,4.1362,3.01,7.52,0.14,29858.8
2026-04-05 02:16:05,4670,5,3.965062,52.7235,3.861e-05,2.965e-05,3.8825,3.03,7.52,0.14,29929.3
2026-04-05 02:17:16,4680,5,3.972795,53.1329,3.860e-05,2.964e-05,4.0970,3.05,7.52,0.14,30000.0
2026-04-05 02:18:24,4690,5,3.908797,49.8389,3.859e-05,2.964e-05,4.0873,3.02,7.52,0.15,30068.5
2026-04-05 02:19:34,4700,5,3.946850,51.7720,3.859e-05,2.964e-05,4.2785,3.00,7.52,0.14,30137.9
2026-04-05 02:32:59,4710,5,3.981378,53.5908,3.858e-05,2.964e-05,4.1398,3.00,7.52,0.01,30943.4
2026-04-05 02:33:55,4720,5,4.003692,54.8001,3.858e-05,2.963e-05,4.4757,3.01,7.52,0.18,30999.2
2026-04-05 02:34:51,4730,5,3.966384,52.7933,3.857e-05,2.963e-05,4.2495,3.03,7.52,0.18,31055.0
2026-04-05 02:35:57,4740,5,3.693597,40.1891,3.856e-05,2.963e-05,4.4810,3.00,7.52,0.15,31121.5
2026-04-05 02:37:15,4750,5,3.825400,45.8512,3.856e-05,2.962e-05,4.3650,3.01,7.52,0.13,31198.9
2026-04-05 02:38:30,4760,5,4.107703,60.8069,3.855e-05,2.962e-05,4.4109,3.04,7.52,0.13,31274.1
2026-04-05 02:39:50,4770,5,3.597648,36.5123,3.854e-05,2.962e-05,4.2215,3.01,7.52,0.13,31354.1
2026-04-05 02:41:06,4780,5,3.985467,53.8104,3.854e-05,2.961e-05,4.5969,3.01,7.52,0.13,31430.3
2026-04-05 02:42:22,4790,5,3.502284,33.1912,3.853e-05,2.961e-05,4.3227,3.04,7.52,0.13,31506.4
2026-04-05 02:43:39,4800,5,3.862898,47.6031,3.852e-05,2.961e-05,4.4411,3.00,7.52,0.13,31583.2
2026-04-05 02:44:23,4810,5,3.697826,40.3595,3.852e-05,2.961e-05,4.3718,3.01,7.52,0.23,31627.0
2026-04-05 02:45:33,4820,5,3.930935,50.9546,3.851e-05,2.960e-05,4.4117,3.03,7.52,0.14,31697.2
2026-04-05 02:46:42,4830,5,4.013533,55.3420,3.851e-05,2.960e-05,4.2379,3.02,7.52,0.15,31766.1
2026-04-05 02:47:49,4840,5,3.843595,46.6931,3.850e-05,2.960e-05,4.3298,3.00,7.52,0.15,31833.3
2026-04-05 02:48:59,4850,5,3.816092,45.4263,3.849e-05,2.959e-05,4.3420,3.03,7.52,0.14,31903.0
2026-04-05 02:50:16,4860,5,3.906827,49.7409,3.849e-05,2.959e-05,4.3210,3.03,7.52,0.13,31979.8
2026-04-05 02:51:54,4870,5,3.722499,41.3676,3.848e-05,2.959e-05,4.3890,2.99,7.52,0.10,32078.3
2026-04-05 02:53:31,4880,5,3.858132,47.3768,3.847e-05,2.958e-05,4.3620,2.99,7.52,0.10,32175.7
2026-04-05 02:55:09,4890,5,3.891490,48.9838,3.847e-05,2.958e-05,4.2722,3.02,7.52,0.10,32273.1
2026-04-05 02:56:49,4900,5,4.085414,59.4666,3.846e-05,2.958e-05,4.2102,3.03,7.52,0.10,32373.6
2026-04-05 02:58:26,4910,5,3.940134,51.4255,3.845e-05,2.957e-05,4.1780,3.01,7.52,0.10,32470.2
2026-04-05 03:00:02,4920,5,3.721891,41.3425,3.845e-05,2.957e-05,4.3849,3.04,7.52,0.10,32565.8
2026-04-05 03:01:37,4930,5,3.873479,48.1095,3.844e-05,2.957e-05,4.3407,2.99,7.52,0.10,32661.3
2026-04-05 03:03:13,4940,5,3.893845,49.0993,3.843e-05,2.956e-05,4.3062,3.01,7.52,0.10,32756.8
2026-04-05 03:04:48,4950,5,3.993630,54.2515,3.843e-05,2.956e-05,4.4776,3.01,7.52,0.10,32852.3
2026-04-05 03:06:29,4960,5,3.935582,51.1920,3.842e-05,2.956e-05,4.2251,3.03,7.52,0.10,32953.1
2026-04-05 03:08:06,4970,5,3.700561,40.4700,3.841e-05,2.955e-05,4.3951,3.02,7.52,0.10,33050.1
2026-04-05 03:09:44,4980,5,3.862542,47.5861,3.841e-05,2.955e-05,4.2642,2.99,7.52,0.10,33147.9
2026-04-05 03:11:21,4990,5,4.017591,55.5671,3.840e-05,2.955e-05,4.3734,3.01,7.52,0.10,33245.2
2026-04-05 03:12:58,5000,5,3.938142,51.3231,3.839e-05,2.954e-05,4.3700,3.03,7.52,0.10,33342.7
2026-04-05 03:25:56,5010,5,4.055780,57.7302,3.839e-05,2.954e-05,4.4533,3.02,7.52,0.01,34120.1
2026-04-05 03:26:39,5020,5,3.618849,37.2946,3.838e-05,2.954e-05,4.2668,3.03,7.52,0.23,34163.1
2026-04-05 03:27:22,5030,5,3.764159,43.1274,3.837e-05,2.953e-05,4.3862,3.00,7.52,0.23,34206.2
2026-04-05 03:28:07,5040,5,3.946243,51.7406,3.837e-05,2.953e-05,4.2472,3.02,7.52,0.22,34251.3
2026-04-05 03:28:50,5050,5,3.820463,45.6253,3.836e-05,2.953e-05,4.9208,3.01,7.52,0.23,34294.7
2026-04-05 03:29:35,5060,5,3.638048,38.0176,3.835e-05,2.952e-05,4.3850,3.05,7.52,0.22,34339.7
2026-04-05 03:30:20,5070,5,4.065756,58.3089,3.835e-05,2.952e-05,4.5059,3.04,7.52,0.22,34384.4
2026-04-05 03:31:05,5080,5,4.028095,56.1538,3.834e-05,2.952e-05,4.5349,3.02,7.52,0.22,34429.6
2026-04-05 03:31:49,5090,5,3.616869,37.2208,3.833e-05,2.951e-05,4.2512,3.00,7.52,0.23,34473.7
2026-04-05 03:32:34,5100,5,3.909460,49.8720,3.833e-05,2.951e-05,4.4774,3.01,7.52,0.23,34517.8
2026-04-05 03:33:17,5110,5,3.848410,46.9184,3.832e-05,2.951e-05,4.3130,3.05,7.52,0.23,34561.7
2026-04-05 03:34:01,5120,5,3.953195,52.1016,3.831e-05,2.950e-05,4.3551,3.03,7.52,0.23,34605.0
2026-04-05 03:34:45,5130,5,3.655740,38.6962,3.831e-05,2.950e-05,4.6674,3.01,7.52,0.23,34649.1
2026-04-05 03:35:29,5140,5,3.714808,41.0507,3.830e-05,2.950e-05,4.3180,3.01,7.52,0.23,34693.1
2026-04-05 03:36:12,5150,5,3.810236,45.1611,3.829e-05,2.949e-05,4.4656,3.02,7.52,0.23,34736.7
2026-04-05 03:36:58,5160,5,4.053174,57.5800,3.829e-05,2.949e-05,4.4126,3.00,7.52,0.22,34781.8
2026-04-05 03:37:41,5170,5,3.573332,35.6351,3.828e-05,2.949e-05,4.2531,3.04,7.52,0.23,34825.7
2026-04-05 03:38:26,5180,5,3.796138,44.5289,3.827e-05,2.948e-05,4.7369,3.01,7.52,0.23,34869.9
2026-04-05 03:39:12,5190,5,3.841976,46.6175,3.827e-05,2.948e-05,4.2730,3.04,7.52,0.22,34916.0
2026-04-05 03:39:55,5200,5,3.596354,36.4651,3.826e-05,2.948e-05,4.5763,2.99,7.52,0.23,34959.2
2026-04-05 03:40:41,5210,5,3.701377,40.5030,3.825e-05,2.947e-05,4.2876,3.00,7.52,0.22,35005.4
2026-04-05 03:41:24,5220,5,3.649364,38.4502,3.824e-05,2.947e-05,4.2624,3.03,7.52,0.23,35048.5
2026-04-05 03:42:17,5230,5,3.955574,52.2257,3.824e-05,2.947e-05,4.4165,3.02,7.52,0.19,35101.6
2026-04-05 03:43:21,5240,5,3.945065,51.6797,3.823e-05,2.946e-05,4.7837,3.02,7.52,0.16,35164.8
2026-04-05 03:44:24,5250,5,3.925372,50.6719,3.822e-05,2.946e-05,4.4004,3.03,7.52,0.16,35228.6
2026-04-05 03:45:28,5260,5,3.724980,41.4704,3.822e-05,2.946e-05,4.5454,3.00,7.52,0.16,35292.3
2026-04-05 03:46:31,5270,5,4.091907,59.8539,3.821e-05,2.945e-05,4.5578,3.01,7.52,0.16,35355.5
2026-04-05 03:47:34,5280,5,3.768786,43.3274,3.820e-05,2.945e-05,4.4929,3.00,7.52,0.16,35418.6
2026-04-05 03:48:38,5290,5,3.830850,46.1017,3.820e-05,2.944e-05,4.4182,2.99,7.52,0.16,35482.7
2026-04-05 03:49:44,5300,5,4.126338,61.9506,3.819e-05,2.944e-05,4.3725,3.00,7.52,0.15,35548.0
2026-04-05 04:02:40,5310,5,4.047139,57.2335,3.818e-05,2.944e-05,4.4148,3.06,7.52,0.01,36323.7
2026-04-05 04:03:37,5320,5,4.133543,62.3986,3.817e-05,2.943e-05,4.7793,3.03,7.52,0.17,36381.1
2026-04-05 04:04:35,5330,5,4.102820,60.5107,3.817e-05,2.943e-05,4.4575,3.02,7.52,0.17,36439.6
2026-04-05 04:05:31,5340,5,3.719381,41.2389,3.816e-05,2.943e-05,4.2748,3.01,7.52,0.18,36495.5
2026-04-05 04:06:29,5350,5,3.658491,38.8027,3.815e-05,2.942e-05,4.4102,3.01,7.52,0.17,36553.5
2026-04-05 04:07:28,5360,5,3.917737,50.2865,3.815e-05,2.942e-05,4.3787,3.02,7.52,0.17,36612.2
2026-04-05 04:08:26,5370,5,3.642736,38.1962,3.814e-05,2.941e-05,4.2271,3.05,7.52,0.17,36670.1
2026-04-05 04:09:24,5380,5,3.678678,39.5940,3.813e-05,2.941e-05,4.7975,3.02,7.52,0.17,36728.1
2026-04-05 04:10:22,5390,5,3.725837,41.5060,3.812e-05,2.941e-05,4.3568,2.99,7.52,0.17,36785.8
2026-04-05 04:11:16,5400,5,3.551793,34.8758,3.812e-05,2.940e-05,4.3256,3.02,7.52,0.18,36840.3
2026-04-05 04:12:14,5410,5,3.559389,35.1417,3.811e-05,2.940e-05,4.4408,3.01,7.52,0.17,36898.4
2026-04-05 04:13:09,5420,5,3.549823,34.8072,3.810e-05,2.940e-05,4.3493,2.99,7.52,0.18,36953.6
2026-04-05 04:14:06,5430,5,3.902930,49.5474,3.810e-05,2.939e-05,4.4253,3.03,7.52,0.18,37010.6
2026-04-05 04:15:02,5440,5,3.884981,48.6660,3.809e-05,2.939e-05,4.2835,3.05,7.52,0.18,37066.7
2026-04-05 04:15:59,5450,5,3.798272,44.6240,3.808e-05,2.938e-05,4.4673,3.05,7.52,0.18,37122.9
2026-04-05 04:16:58,5460,5,3.799124,44.6621,3.807e-05,2.938e-05,4.4246,3.01,7.52,0.17,37182.7
2026-04-05 04:17:55,5470,5,4.061056,58.0356,3.807e-05,2.938e-05,4.4047,3.01,7.52,0.18,37239.5
2026-04-05 04:18:54,5480,5,4.090102,59.7460,3.806e-05,2.937e-05,4.3916,3.02,7.52,0.17,37298.1
2026-04-05 04:19:50,5490,5,4.027623,56.1273,3.805e-05,2.937e-05,4.3139,3.05,7.52,0.18,37354.5
2026-04-05 04:20:46,5500,5,3.538358,34.4104,3.804e-05,2.937e-05,4.0712,3.02,7.52,0.18,37410.6
2026-04-05 04:21:42,5510,5,3.657999,38.7837,3.804e-05,2.936e-05,4.3926,3.03,7.52,0.18,37466.1
2026-04-05 04:22:41,5520,5,3.907839,49.7912,3.803e-05,2.936e-05,4.3247,2.99,7.52,0.17,37525.4
2026-04-05 04:23:39,5530,5,3.816379,45.4394,3.802e-05,2.935e-05,4.3010,3.00,7.52,0.17,37582.9
2026-04-05 04:24:36,5540,5,3.794421,44.4525,3.802e-05,2.935e-05,4.6144,3.02,7.52,0.18,37639.8
2026-04-05 04:25:31,5550,5,3.816490,45.4444,3.801e-05,2.935e-05,4.4573,2.99,7.52,0.18,37695.1
2026-04-05 04:26:26,5560,6,3.824452,45.8077,3.800e-05,2.934e-05,4.3478,3.03,7.52,0.18,37750.3
2026-04-05 04:27:23,5570,6,3.736819,41.9643,3.799e-05,2.934e-05,4.1911,3.01,7.52,0.18,37806.8
2026-04-05 04:28:20,5580,6,3.520961,33.8169,3.799e-05,2.933e-05,4.4136,3.03,7.52,0.17,37864.2
2026-04-05 04:29:15,5590,6,3.908557,49.8270,3.798e-05,2.933e-05,4.3975,3.00,7.52,0.18,37919.2
2026-04-05 04:30:12,5600,6,3.832439,46.1750,3.797e-05,2.933e-05,4.6538,3.02,7.52,0.18,37975.7
2026-04-05 04:42:39,5610,6,3.857289,47.3369,3.796e-05,2.932e-05,4.5597,3.02,7.52,0.01,38723.2
2026-04-05 04:43:09,5620,6,3.804859,44.9189,3.796e-05,2.932e-05,4.6132,3.01,7.52,0.33,38753.3
2026-04-05 04:43:39,5630,6,3.846018,46.8063,3.795e-05,2.931e-05,4.6149,3.02,7.52,0.33,38783.7
2026-04-05 04:44:09,5640,6,3.735504,41.9092,3.794e-05,2.931e-05,4.6371,2.99,7.52,0.33,38813.7
2026-04-05 04:44:40,5650,6,4.028191,56.1592,3.793e-05,2.931e-05,4.8107,3.05,7.52,0.33,38843.8
2026-04-05 04:45:09,5660,6,3.679455,39.6248,3.793e-05,2.930e-05,4.8187,3.00,7.52,0.34,38873.6
2026-04-05 04:45:39,5670,6,3.829143,46.0231,3.792e-05,2.930e-05,4.8173,3.01,7.52,0.34,38903.1
2026-04-05 04:46:10,5680,6,3.840970,46.5706,3.791e-05,2.929e-05,4.6145,3.00,7.52,0.32,38933.9
2026-04-05 04:46:39,5690,6,3.592237,36.3152,3.790e-05,2.929e-05,4.9276,3.01,7.52,0.34,38963.2
2026-04-05 04:47:09,5700,6,3.891235,48.9713,3.790e-05,2.929e-05,4.6716,3.04,7.52,0.34,38992.9
2026-04-05 04:47:39,5710,6,3.733637,41.8310,3.789e-05,2.928e-05,4.6311,3.00,7.52,0.33,39022.7
2026-04-05 04:48:08,5720,6,3.655196,38.6751,3.788e-05,2.928e-05,4.8293,3.00,7.52,0.34,39052.2
2026-04-05 04:48:38,5730,6,3.696464,40.3045,3.787e-05,2.927e-05,4.8450,3.04,7.52,0.33,39082.2
2026-04-05 04:49:08,5740,6,3.662581,38.9618,3.786e-05,2.927e-05,5.1027,3.01,7.52,0.34,39111.9
2026-04-05 04:49:37,5750,6,3.846044,46.8075,3.786e-05,2.926e-05,5.2251,2.99,7.52,0.34,39141.7
2026-04-05 04:50:07,5760,6,3.697487,40.3458,3.785e-05,2.926e-05,4.6323,3.01,7.52,0.33,39171.6
2026-04-05 04:50:37,5770,6,3.786262,44.0913,3.784e-05,2.926e-05,4.8631,3.01,7.52,0.33,39201.5
2026-04-05 04:51:08,5780,6,3.849649,46.9766,3.783e-05,2.925e-05,4.9716,3.02,7.52,0.33,39231.8
2026-04-05 04:51:37,5790,6,3.834705,46.2798,3.783e-05,2.925e-05,5.1882,3.03,7.52,0.34,39261.7
2026-04-05 04:52:07,5800,6,3.812364,45.2573,3.782e-05,2.924e-05,4.7373,3.01,7.52,0.34,39291.3
2026-04-05 04:52:37,5810,6,3.996421,54.4031,3.781e-05,2.924e-05,5.2248,3.02,7.52,0.34,39320.7
2026-04-05 04:53:06,5820,6,3.983238,53.6906,3.780e-05,2.924e-05,4.8730,3.02,7.52,0.34,39350.2
2026-04-05 04:53:36,5830,6,3.799381,44.6735,3.780e-05,2.923e-05,5.0657,3.02,7.52,0.33,39380.6
2026-04-05 04:54:06,5840,6,3.880000,48.4242,3.779e-05,2.923e-05,4.7267,3.03,7.52,0.33,39410.5
2026-04-05 04:54:36,5850,6,3.687065,39.9275,3.778e-05,2.922e-05,4.9750,3.02,7.52,0.34,39440.0
2026-04-05 04:55:05,5860,6,3.797722,44.5995,3.777e-05,2.922e-05,5.0366,3.00,7.52,0.34,39469.4
2026-04-05 04:55:35,5870,6,3.736225,41.9394,3.776e-05,2.921e-05,5.1597,3.00,7.52,0.34,39499.1
2026-04-05 04:56:05,5880,6,3.959323,52.4218,3.776e-05,2.921e-05,4.9843,3.03,7.52,0.33,39529.3
2026-04-05 04:56:35,5890,6,3.741226,42.1496,3.775e-05,2.921e-05,4.7610,3.00,7.52,0.33,39559.4
2026-04-05 04:57:05,5900,6,3.599226,36.5699,3.774e-05,2.920e-05,4.8842,3.01,7.52,0.33,39589.6
2026-04-05 05:09:24,5910,6,3.895968,49.2037,3.773e-05,2.920e-05,4.8149,3.01,7.52,0.01,40328.4
2026-04-05 05:09:54,5920,6,3.613404,37.0921,3.773e-05,2.919e-05,5.0409,3.04,7.52,0.33,40358.3
2026-04-05 05:10:24,5930,6,3.972724,53.1291,3.772e-05,2.919e-05,4.8024,3.02,7.52,0.33,40388.2
2026-04-05 05:10:54,5940,6,3.499138,33.0869,3.771e-05,2.918e-05,4.9524,2.99,7.52,0.33,40418.2
2026-04-05 05:11:24,5950,6,3.456546,31.7073,3.770e-05,2.918e-05,4.8368,3.00,7.52,0.34,40447.9
2026-04-05 05:11:53,5960,6,3.965467,52.7449,3.769e-05,2.917e-05,4.8988,3.01,7.52,0.34,40477.4
2026-04-05 05:12:23,5970,6,3.664618,39.0412,3.769e-05,2.917e-05,4.7186,3.02,7.52,0.33,40507.3
2026-04-05 05:12:53,5980,6,3.972877,53.1372,3.768e-05,2.917e-05,4.6126,3.02,7.52,0.33,40537.3
2026-04-05 05:13:23,5990,6,3.887565,48.7920,3.767e-05,2.916e-05,4.6884,3.02,7.52,0.33,40567.5
2026-04-05 05:13:53,6000,6,3.617721,37.2526,3.766e-05,2.916e-05,4.8572,2.99,7.52,0.33,40597.5
2026-04-05 05:14:27,6010,6,3.926124,50.7100,3.765e-05,2.915e-05,4.9050,3.01,7.52,0.30,40631.1
2026-04-05 05:14:57,6020,6,3.876362,48.2484,3.765e-05,2.915e-05,5.2191,3.02,7.52,0.33,40661.3
2026-04-05 05:15:28,6030,6,3.678745,39.5967,3.764e-05,2.914e-05,4.6289,2.99,7.52,0.33,40691.8
2026-04-05 05:15:57,6040,6,3.625738,37.5524,3.763e-05,2.914e-05,4.8802,3.05,7.52,0.34,40721.4
2026-04-05 05:16:27,6050,6,3.895315,49.1715,3.762e-05,2.913e-05,4.7549,3.01,7.52,0.34,40751.2
2026-04-05 05:17:05,6060,6,3.367408,29.0033,3.761e-05,2.913e-05,4.7317,2.99,7.52,0.26,40789.4
2026-04-05 05:18:20,6070,6,3.973101,53.1491,3.761e-05,2.913e-05,4.7926,2.99,7.52,0.13,40864.3
2026-04-05 05:19:37,6080,6,3.780777,43.8501,3.760e-05,2.912e-05,5.0185,3.00,7.52,0.13,40941.2
2026-04-05 05:20:56,6090,6,3.759264,42.9168,3.759e-05,2.912e-05,5.0466,2.99,7.52,0.13,41019.8
2026-04-05 05:22:14,6100,6,3.694467,40.2241,3.758e-05,2.911e-05,4.7319,2.99,7.52,0.13,41098.4
2026-04-05 05:23:34,6110,6,3.919348,50.3676,3.757e-05,2.911e-05,4.8410,3.04,7.52,0.12,41178.4
2026-04-05 05:24:51,6120,6,3.968465,52.9033,3.757e-05,2.910e-05,4.7583,3.01,7.52,0.13,41254.9
2026-04-05 05:26:12,6130,6,3.639560,38.0751,3.756e-05,2.910e-05,5.1187,3.03,7.52,0.12,41335.8
2026-04-05 05:27:30,6140,6,3.876023,48.2320,3.755e-05,2.909e-05,4.6773,3.01,7.52,0.13,41414.2
2026-04-05 05:28:49,6150,6,3.668258,39.1836,3.754e-05,2.909e-05,4.9060,3.00,7.52,0.13,41493.7
2026-04-05 05:30:11,6160,6,3.866054,47.7536,3.753e-05,2.908e-05,4.9255,3.00,7.52,0.12,41575.0
2026-04-05 05:31:31,6170,6,3.963077,52.6190,3.752e-05,2.908e-05,5.0365,3.05,7.52,0.12,41655.6
2026-04-05 05:32:52,6180,6,3.726562,41.5361,3.752e-05,2.908e-05,5.0609,3.02,7.52,0.12,41736.2
2026-04-05 05:34:11,6190,6,3.900299,49.4172,3.751e-05,2.907e-05,4.9747,3.01,7.52,0.13,41815.6
2026-04-05 05:35:28,6200,6,3.699544,40.4289,3.750e-05,2.907e-05,4.9294,3.01,7.52,0.13,41892.6
2026-04-05 05:47:43,6210,6,3.694612,40.2300,3.749e-05,2.906e-05,4.9285,3.00,7.52,0.01,42627.6
2026-04-05 05:48:13,6220,6,3.977407,53.3785,3.748e-05,2.906e-05,4.6335,3.02,7.52,0.33,42657.6
2026-04-05 05:48:43,6230,6,3.718771,41.2137,3.748e-05,2.905e-05,4.7807,3.05,7.52,0.34,42687.3
2026-04-05 05:49:13,6240,6,3.827127,45.9304,3.747e-05,2.905e-05,4.9052,3.02,7.52,0.34,42717.0
2026-04-05 05:49:42,6250,6,3.926605,50.7344,3.746e-05,2.904e-05,4.9309,3.00,7.52,0.34,42746.6
2026-04-05 05:50:12,6260,6,4.039325,56.7880,3.745e-05,2.904e-05,4.7043,3.01,7.52,0.33,42776.5
2026-04-05 05:50:42,6270,6,3.972932,53.1401,3.744e-05,2.903e-05,4.4990,3.03,7.52,0.33,42806.5
2026-04-05 05:51:12,6280,6,3.727969,41.5946,3.743e-05,2.903e-05,4.7849,3.03,7.52,0.33,42836.3
2026-04-05 05:51:42,6290,6,3.866623,47.7807,3.743e-05,2.902e-05,5.0284,3.00,7.52,0.34,42865.8
2026-04-05 05:52:11,6300,6,3.754387,42.7080,3.742e-05,2.902e-05,4.8072,3.01,7.52,0.34,42895.1
2026-04-05 05:52:41,6310,6,3.889273,48.8753,3.741e-05,2.901e-05,4.9188,3.01,7.52,0.34,42924.8
2026-04-05 05:53:10,6320,6,3.784128,43.9973,3.740e-05,2.901e-05,4.7952,3.02,7.52,0.34,42954.3
2026-04-05 05:53:49,6330,6,3.758844,42.8988,3.739e-05,2.900e-05,4.7147,3.01,7.52,0.26,42992.8
2026-04-05 05:54:48,6340,6,3.843272,46.6779,3.738e-05,2.900e-05,5.0363,3.02,7.52,0.17,43052.0
2026-04-05 05:55:51,6350,6,3.637724,38.0052,3.738e-05,2.899e-05,4.9071,3.02,7.52,0.16,43115.4
2026-04-05 05:56:57,6360,6,3.902965,49.5491,3.737e-05,2.899e-05,4.9973,3.01,7.52,0.15,43180.8
2026-04-05 05:58:00,6370,6,3.774650,43.5823,3.736e-05,2.898e-05,5.3679,3.01,7.52,0.16,43244.2
2026-04-05 05:59:01,6380,6,3.853929,47.1781,3.735e-05,2.898e-05,5.0216,3.01,7.52,0.16,43305.0
2026-04-05 06:00:03,6390,6,3.620941,37.3727,3.734e-05,2.897e-05,5.2330,3.00,7.52,0.16,43367.2
2026-04-05 06:01:04,6400,6,3.711326,40.9080,3.733e-05,2.897e-05,5.1552,2.99,7.52,0.16,43428.3
2026-04-05 06:01:39,6410,6,3.994937,54.3224,3.732e-05,2.897e-05,4.8022,3.02,7.52,0.29,43462.9
2026-04-05 06:02:10,6420,6,3.909545,49.8762,3.732e-05,2.896e-05,4.8052,3.02,7.52,0.32,43494.3
2026-04-05 06:02:41,6430,6,3.797694,44.5982,3.731e-05,2.896e-05,4.8975,3.02,7.52,0.33,43525.0
2026-04-05 06:03:12,6440,6,3.838036,46.4342,3.730e-05,2.895e-05,4.8966,3.02,7.52,0.32,43556.1
2026-04-05 06:03:43,6450,6,4.010497,55.1743,3.729e-05,2.895e-05,4.8337,3.02,7.52,0.32,43587.4
2026-04-05 06:04:14,6460,6,3.964434,52.6905,3.728e-05,2.894e-05,4.6390,3.00,7.52,0.32,43618.7
2026-04-05 06:04:46,6470,6,3.879169,48.3840,3.727e-05,2.894e-05,4.6262,3.03,7.52,0.32,43649.8
2026-04-05 06:05:28,6480,6,3.697668,40.3531,3.727e-05,2.893e-05,4.7684,3.01,7.52,0.24,43692.1
2026-04-05 06:06:42,6490,7,3.772733,43.4988,3.726e-05,2.893e-05,4.6367,3.05,7.52,0.14,43765.7
2026-04-05 06:07:55,6500,7,3.490600,32.8056,3.725e-05,2.892e-05,4.8668,3.03,7.52,0.14,43839.3
2026-04-05 06:28:43,6510,7,3.409062,30.2369,3.724e-05,2.892e-05,5.0430,3.01,7.52,0.01,45087.1
2026-04-05 06:29:13,6520,7,3.563872,35.2996,3.723e-05,2.891e-05,5.1816,3.00,7.52,0.33,45117.4
2026-04-05 06:29:45,6530,7,3.760391,42.9652,3.722e-05,2.891e-05,5.2212,2.99,7.52,0.32,45148.8
2026-04-05 06:30:15,6540,7,3.769277,43.3487,3.721e-05,2.890e-05,5.4119,3.02,7.52,0.32,45179.7
2026-04-05 06:30:46,6550,7,3.838110,46.4376,3.720e-05,2.890e-05,5.4069,3.02,7.52,0.32,45210.6
2026-04-05 06:31:17,6560,7,3.577832,35.7958,3.720e-05,2.889e-05,5.3185,3.02,7.52,0.33,45241.1
2026-04-05 06:31:48,6570,7,3.441624,31.2377,3.719e-05,2.888e-05,5.3303,3.04,7.52,0.32,45272.0
2026-04-05 06:32:19,6580,7,3.788712,44.1994,3.718e-05,2.888e-05,5.2987,3.01,7.52,0.32,45302.9
2026-04-05 06:32:49,6590,7,3.815173,45.3846,3.717e-05,2.887e-05,5.4232,3.00,7.52,0.33,45333.4
2026-04-05 06:33:20,6600,7,3.571836,35.5819,3.716e-05,2.887e-05,5.2160,3.02,7.52,0.33,45364.1
2026-04-05 06:33:52,6610,7,3.515395,33.6292,3.715e-05,2.886e-05,5.3770,3.05,7.52,0.31,45396.2
2026-04-05 06:34:23,6620,7,3.424417,30.7048,3.714e-05,2.886e-05,5.5640,3.02,7.52,0.32,45427.0
2026-04-05 06:34:54,6630,7,3.672889,39.3655,3.714e-05,2.885e-05,5.6156,3.00,7.52,0.32,45457.9
2026-04-05 06:35:25,6640,7,3.636481,37.9580,3.713e-05,2.885e-05,5.4053,3.02,7.52,0.32,45488.8
2026-04-05 06:35:56,6650,7,3.670957,39.2895,3.712e-05,2.884e-05,5.2324,3.05,7.52,0.32,45520.4
2026-04-05 06:36:27,6660,7,3.854156,47.1888,3.711e-05,2.884e-05,5.1671,3.01,7.52,0.33,45550.8
2026-04-05 06:36:58,6670,7,3.922617,50.5325,3.710e-05,2.883e-05,5.3065,3.01,7.52,0.32,45582.2
2026-04-05 06:37:29,6680,7,3.664291,39.0285,3.709e-05,2.883e-05,5.1110,3.03,7.52,0.32,45613.3
2026-04-05 06:38:00,6690,7,3.626563,37.5834,3.708e-05,2.882e-05,5.4796,3.01,7.52,0.32,45644.2
2026-04-05 06:38:31,6700,7,3.739962,42.0964,3.707e-05,2.882e-05,5.4294,3.02,7.52,0.32,45675.6
2026-04-05 06:39:03,6710,7,3.786645,44.1082,3.706e-05,2.881e-05,5.2398,3.02,7.52,0.32,45706.9
2026-04-05 06:39:34,6720,7,3.868402,47.8658,3.706e-05,2.881e-05,5.1642,3.00,7.52,0.32,45738.4
2026-04-05 06:40:05,6730,7,3.629255,37.6847,3.705e-05,2.880e-05,5.7741,3.02,7.52,0.32,45769.4
2026-04-05 06:40:35,6740,7,3.690706,40.0731,3.704e-05,2.880e-05,5.3157,3.05,7.52,0.33,45799.5
2026-04-05 06:41:06,6750,7,3.407673,30.1949,3.703e-05,2.879e-05,5.3621,2.99,7.52,0.33,45830.3
2026-04-05 06:41:38,6760,7,3.505933,33.3125,3.702e-05,2.879e-05,5.3540,3.02,7.52,0.31,45862.2
2026-04-05 06:42:09,6770,7,3.638570,38.0374,3.701e-05,2.878e-05,5.6867,3.00,7.52,0.32,45893.5
2026-04-05 06:42:41,6780,7,3.399074,29.9364,3.700e-05,2.878e-05,5.3582,3.01,7.52,0.32,45924.8
2026-04-05 06:43:12,6790,7,3.552200,34.8900,3.699e-05,2.877e-05,5.3298,3.02,7.52,0.32,45956.0
2026-04-05 06:43:43,6800,7,3.389932,29.6639,3.698e-05,2.876e-05,5.4276,3.01,7.52,0.32,45987.4
2026-04-05 06:56:33,6810,7,3.777469,43.7053,3.698e-05,2.876e-05,5.1710,3.01,7.52,0.01,46757.6
2026-04-05 06:57:17,6820,7,3.743493,42.2453,3.697e-05,2.875e-05,5.5242,3.03,7.52,0.23,46801.7
2026-04-05 06:58:07,6830,7,3.995963,54.3782,3.696e-05,2.875e-05,5.1987,3.03,7.52,0.20,46851.0
2026-04-05 06:58:52,6840,7,3.691827,40.1181,3.695e-05,2.874e-05,5.3196,3.02,7.52,0.22,46895.8
2026-04-05 06:59:35,6850,7,3.969049,52.9341,3.694e-05,2.874e-05,5.6203,3.02,7.52,0.23,46938.8
2026-04-05 07:00:19,6860,7,3.421332,30.6102,3.693e-05,2.873e-05,5.8134,3.00,7.52,0.23,46983.1
2026-04-05 07:01:02,6870,7,3.869797,47.9327,3.692e-05,2.873e-05,5.4428,3.00,7.52,0.23,47026.5
2026-04-05 07:01:47,6880,7,3.872865,48.0799,3.691e-05,2.872e-05,5.3893,3.07,7.52,0.22,47070.9
2026-04-05 07:02:31,6890,7,3.647879,38.3931,3.690e-05,2.872e-05,5.5962,3.02,7.52,0.23,47115.2
2026-04-05 07:03:15,6900,7,3.725228,41.4807,3.689e-05,2.871e-05,5.3900,3.02,7.52,0.23,47159.5
2026-04-05 07:03:59,6910,7,3.687191,39.9325,3.689e-05,2.871e-05,5.2945,3.01,7.52,0.23,47203.2
2026-04-05 07:04:42,6920,7,3.765862,43.2009,3.688e-05,2.870e-05,5.6975,3.00,7.52,0.23,47246.6
2026-04-05 07:05:26,6930,7,3.696481,40.3052,3.687e-05,2.869e-05,5.4921,3.01,7.52,0.23,47290.2
2026-04-05 07:06:11,6940,7,3.564510,35.3221,3.686e-05,2.869e-05,5.3435,3.02,7.52,0.22,47334.8
2026-04-05 07:06:56,6950,7,3.714952,41.0566,3.685e-05,2.868e-05,5.3232,3.01,7.52,0.22,47379.8
2026-04-05 07:07:41,6960,7,3.517394,33.6965,3.684e-05,2.868e-05,5.3719,3.01,7.52,0.22,47424.7
2026-04-05 07:08:25,6970,7,3.957444,52.3234,3.683e-05,2.867e-05,5.5640,3.00,7.52,0.23,47469.2
2026-04-05 07:09:10,6980,7,3.535760,34.3211,3.682e-05,2.867e-05,5.4161,3.02,7.52,0.22,47513.9
2026-04-05 07:09:54,6990,7,3.717547,41.1633,3.681e-05,2.866e-05,5.2873,3.02,7.52,0.23,47558.3
2026-04-05 07:10:39,7000,7,3.634317,37.8760,3.680e-05,2.866e-05,5.4240,2.99,7.52,0.22,47603.0
2026-04-05 07:11:23,7010,7,3.652138,38.5570,3.679e-05,2.865e-05,5.2747,3.02,7.52,0.23,47647.3
2026-04-05 07:12:06,7020,7,3.715403,41.0751,3.678e-05,2.864e-05,5.2836,3.02,7.52,0.23,47690.7
2026-04-05 07:12:50,7030,7,3.882195,48.5306,3.677e-05,2.864e-05,5.1089,3.01,7.52,0.23,47734.4
2026-04-05 07:13:35,7040,7,3.641150,38.1357,3.677e-05,2.863e-05,5.2029,3.02,7.52,0.22,47779.1
2026-04-05 07:14:19,7050,7,3.688136,39.9703,3.676e-05,2.863e-05,5.3601,3.02,7.52,0.23,47822.8
2026-04-05 07:15:02,7060,7,3.903160,49.5588,3.675e-05,2.862e-05,5.6402,3.01,7.52,0.23,47866.3
2026-04-05 07:15:45,7070,7,3.242189,25.5897,3.674e-05,2.862e-05,5.1540,2.99,7.52,0.23,47909.4
2026-04-05 07:16:30,7080,7,3.895799,49.1953,3.673e-05,2.861e-05,5.2526,3.02,7.52,0.23,47953.8
2026-04-05 07:17:13,7090,7,3.723793,41.4212,3.672e-05,2.860e-05,5.6399,3.02,7.52,0.23,47997.5
2026-04-05 07:17:58,7100,7,3.680651,39.6722,3.671e-05,2.860e-05,5.4892,2.99,7.52,0.22,48042.2
2026-04-05 07:30:15,7110,7,3.806167,44.9777,3.670e-05,2.859e-05,5.3395,3.02,7.52,0.01,48779.0
2026-04-05 07:30:47,7120,7,3.621920,37.4093,3.669e-05,2.859e-05,5.7209,3.03,7.52,0.31,48811.0
2026-04-05 07:31:18,7130,7,3.785780,44.0700,3.668e-05,2.858e-05,5.1304,3.03,7.52,0.32,48842.3
2026-04-05 07:31:49,7140,7,3.702484,40.5479,3.667e-05,2.858e-05,5.5237,3.00,7.52,0.32,48873.1
2026-04-05 07:32:20,7150,7,4.057560,57.8330,3.666e-05,2.857e-05,5.3148,3.02,7.52,0.32,48904.2
2026-04-05 07:32:51,7160,7,3.446035,31.3757,3.665e-05,2.856e-05,5.1609,3.01,7.52,0.32,48935.4
2026-04-05 07:33:23,7170,7,3.709152,40.8192,3.664e-05,2.856e-05,5.3316,2.99,7.52,0.32,48967.1
2026-04-05 07:33:54,7180,7,3.692476,40.1441,3.663e-05,2.855e-05,5.5576,3.01,7.52,0.32,48998.4
2026-04-05 07:34:26,7190,7,3.459600,31.8043,3.663e-05,2.855e-05,5.3820,2.99,7.52,0.32,49030.0
2026-04-05 07:34:58,7200,7,3.327092,27.8572,3.662e-05,2.854e-05,5.4951,3.01,7.52,0.31,49062.2
2026-04-05 07:35:44,7210,7,3.815534,45.4010,3.661e-05,2.854e-05,5.2049,3.04,7.52,0.22,49107.8
2026-04-05 07:36:26,7220,7,3.831459,46.1298,3.660e-05,2.853e-05,5.2681,3.03,7.52,0.23,49150.4
2026-04-05 07:37:10,7230,7,3.998490,54.5158,3.659e-05,2.852e-05,5.2739,3.01,7.52,0.23,49194.0
2026-04-05 07:37:54,7240,7,3.866466,47.7733,3.658e-05,2.852e-05,5.2503,3.05,7.52,0.23,49237.9
2026-04-05 07:38:36,7250,7,3.617521,37.2451,3.657e-05,2.851e-05,5.0942,3.02,7.52,0.23,49280.7
2026-04-05 07:39:20,7260,7,3.942078,51.5256,3.656e-05,2.851e-05,5.3207,3.02,7.52,0.23,49323.9
2026-04-05 07:40:16,7270,7,3.736963,41.9703,3.655e-05,2.850e-05,5.5454,3.01,7.52,0.18,49380.5
2026-04-05 07:41:21,7280,7,3.831571,46.1349,3.654e-05,2.850e-05,5.3805,3.01,7.52,0.15,49445.6
2026-04-05 07:42:27,7290,7,3.646728,38.3490,3.653e-05,2.849e-05,5.3424,3.02,7.52,0.15,49510.8
2026-04-05 07:43:31,7300,7,3.748959,42.4768,3.652e-05,2.848e-05,5.7949,3.03,7.52,0.15,49575.4
2026-04-05 07:44:37,7310,7,3.643389,38.2212,3.651e-05,2.848e-05,5.2991,3.02,7.52,0.15,49641.6
2026-04-05 07:45:40,7320,7,3.738327,42.0276,3.650e-05,2.847e-05,5.3710,3.00,7.52,0.16,49704.6
2026-04-05 07:46:44,7330,7,3.754121,42.6967,3.649e-05,2.847e-05,5.6461,3.01,7.52,0.16,49768.0
2026-04-05 07:47:48,7340,7,3.636773,37.9691,3.648e-05,2.846e-05,5.4941,3.03,7.52,0.16,49831.8
2026-04-05 07:48:54,7350,7,3.774249,43.5648,3.647e-05,2.845e-05,5.2315,3.00,7.52,0.15,49898.4
2026-04-05 07:49:58,7360,7,3.907137,49.7563,3.646e-05,2.845e-05,5.3661,3.02,7.52,0.16,49962.4
2026-04-05 07:51:00,7370,7,3.583754,36.0084,3.645e-05,2.844e-05,5.3146,3.00,7.52,0.16,50024.1
2026-04-05 07:52:05,7380,7,3.485446,32.6370,3.644e-05,2.844e-05,5.0472,3.02,7.52,0.15,50089.5
2026-04-05 07:53:08,7390,7,3.850414,47.0125,3.643e-05,2.843e-05,5.4347,3.03,7.52,0.16,50151.8
2026-04-05 07:54:10,7400,7,3.402030,30.0250,3.642e-05,2.842e-05,5.2028,2.99,7.52,0.16,50214.5
2026-04-05 08:06:37,7410,8,3.955085,52.2001,3.641e-05,2.842e-05,5.4972,3.01,7.52,0.01,50961.1
2026-04-05 08:07:07,7420,8,3.397983,29.9037,3.641e-05,2.841e-05,5.4119,3.03,7.52,0.33,50991.4
2026-04-05 08:07:39,7430,8,3.561811,35.2269,3.640e-05,2.841e-05,5.4152,3.03,7.52,0.32,51023.0
2026-04-05 08:08:09,7440,8,3.725193,41.4792,3.639e-05,2.840e-05,5.6886,3.02,7.52,0.33,51053.5
2026-04-05 08:08:41,7450,8,3.669664,39.2387,3.638e-05,2.839e-05,5.9486,3.02,7.52,0.31,51085.3
2026-04-05 08:09:12,7460,8,3.683682,39.7926,3.637e-05,2.839e-05,6.0345,3.02,7.52,0.33,51115.9
2026-04-05 08:09:43,7470,8,3.665951,39.0933,3.636e-05,2.838e-05,5.8705,3.04,7.52,0.32,51147.4
2026-04-05 08:10:14,7480,8,3.699738,40.4367,3.635e-05,2.838e-05,5.9320,3.00,7.52,0.32,51178.5
2026-04-05 08:10:45,7490,8,3.450271,31.5089,3.634e-05,2.837e-05,5.6645,3.00,7.52,0.32,51209.5
2026-04-05 08:11:17,7500,8,3.294305,26.9587,3.633e-05,2.836e-05,5.6008,2.99,7.52,0.32,51240.7
2026-04-05 08:11:48,7510,8,3.532019,34.1929,3.632e-05,2.836e-05,5.6890,3.05,7.52,0.32,51272.1
2026-04-05 08:12:19,7520,8,3.852061,47.0900,3.631e-05,2.835e-05,5.5944,3.03,7.52,0.32,51303.6
2026-04-05 08:12:50,7530,8,3.697842,40.3601,3.630e-05,2.834e-05,5.9273,3.05,7.52,0.32,51334.7
2026-04-05 08:13:22,7540,8,3.697738,40.3559,3.629e-05,2.834e-05,5.8150,3.00,7.52,0.32,51365.8
2026-04-05 08:13:53,7550,8,3.287154,26.7666,3.628e-05,2.833e-05,5.9445,3.02,7.52,0.32,51397.4
2026-04-05 08:14:25,7560,8,3.612844,37.0713,3.627e-05,2.833e-05,5.8154,3.00,7.52,0.32,51428.8
2026-04-05 08:14:56,7570,8,3.758568,42.8870,3.626e-05,2.832e-05,5.9507,3.02,7.52,0.32,51459.7
2026-04-05 08:15:26,7580,8,3.719171,41.2302,3.625e-05,2.831e-05,5.7466,3.02,7.52,0.33,51490.4
2026-04-05 08:15:58,7590,8,3.652618,38.5755,3.624e-05,2.831e-05,5.5685,3.00,7.52,0.32,51522.1
2026-04-05 08:16:29,7600,8,3.456848,31.7168,3.623e-05,2.830e-05,5.8994,3.05,7.52,0.32,51553.5
2026-04-05 08:17:15,7610,8,3.697209,40.3346,3.622e-05,2.830e-05,5.9107,3.01,7.52,0.22,51599.7
2026-04-05 08:17:58,7620,8,3.754278,42.7034,3.621e-05,2.829e-05,6.2531,3.03,7.52,0.24,51642.0
2026-04-05 08:18:43,7630,8,3.889464,48.8847,3.620e-05,2.828e-05,5.8417,3.03,7.52,0.22,51687.7
2026-04-05 08:19:36,7640,8,3.580847,35.9040,3.619e-05,2.828e-05,5.8156,3.00,7.52,0.19,51740.5
2026-04-05 08:20:55,7650,8,3.565197,35.3464,3.618e-05,2.827e-05,6.2558,3.02,7.52,0.13,51819.1
2026-04-05 08:22:15,7660,8,3.793899,44.4293,3.617e-05,2.826e-05,6.1062,3.00,7.52,0.12,51899.5
2026-04-05 08:23:37,7670,8,3.348900,28.4714,3.616e-05,2.826e-05,5.9937,2.99,7.52,0.12,51981.4
2026-04-05 08:25:01,7680,8,3.694726,40.2346,3.615e-05,2.825e-05,5.9718,3.00,7.52,0.12,52064.9
2026-04-05 08:26:23,7690,8,3.670504,39.2717,3.614e-05,2.824e-05,5.8836,3.03,7.52,0.12,52147.2
2026-04-05 08:27:45,7700,8,3.546308,34.6850,3.613e-05,2.824e-05,5.7881,3.05,7.52,0.12,52229.2
2026-04-05 08:57:59,7710,8,3.652925,38.5874,3.612e-05,2.823e-05,6.1550,3.01,7.52,0.01,54042.8
2026-04-05 08:58:53,7720,8,3.662541,38.9602,3.611e-05,2.823e-05,6.0628,3.02,7.52,0.18,54097.5
2026-04-05 09:00:01,7730,8,3.842696,46.6511,3.610e-05,2.822e-05,5.9394,3.01,7.52,0.15,54165.1
2026-04-05 09:01:06,7740,8,3.360877,28.8145,3.609e-05,2.821e-05,6.0077,3.01,7.52,0.15,54230.6
2026-04-05 09:02:12,7750,8,3.539210,34.4397,3.608e-05,2.821e-05,6.0602,3.02,7.52,0.15,54295.9
2026-04-05 09:03:19,7760,8,3.783267,43.9594,3.607e-05,2.820e-05,5.6963,3.04,7.52,0.15,54363.4
2026-04-05 09:04:26,7770,8,3.248914,25.7624,3.606e-05,2.819e-05,5.9757,3.02,7.52,0.15,54430.1
2026-04-05 09:05:31,7780,8,3.905296,49.6648,3.605e-05,2.819e-05,6.2665,3.02,7.52,0.15,54495.7
2026-04-05 09:06:37,7790,8,3.300759,27.1332,3.604e-05,2.818e-05,5.8039,3.00,7.52,0.15,54561.1
2026-04-05 09:07:44,7800,8,3.525650,33.9759,3.603e-05,2.817e-05,5.9227,2.99,7.52,0.15,54627.7
2026-04-05 09:08:49,7810,8,3.461944,31.8789,3.602e-05,2.817e-05,6.3341,3.00,7.52,0.15,54693.3
2026-04-05 09:09:55,7820,8,3.729350,41.6520,3.601e-05,2.816e-05,5.8474,3.04,7.52,0.15,54759.6
2026-04-05 09:11:00,7830,8,3.467961,32.0713,3.600e-05,2.816e-05,5.8413,3.03,7.52,0.16,54824.0
2026-04-05 09:12:06,7840,8,3.641138,38.1352,3.599e-05,2.815e-05,6.4397,3.00,7.52,0.15,54890.3
2026-04-05 09:13:10,7850,8,3.657518,38.7650,3.598e-05,2.814e-05,6.1549,3.00,7.52,0.16,54954.3
2026-04-05 09:14:16,7860,8,3.761012,42.9919,3.597e-05,2.814e-05,5.8303,3.01,7.52,0.15,55020.3
2026-04-05 09:15:21,7870,8,3.626424,37.5782,3.596e-05,2.813e-05,6.0370,3.01,7.52,0.15,55085.6
2026-04-05 09:16:28,7880,8,3.564512,35.3222,3.595e-05,2.812e-05,5.9096,3.00,7.52,0.15,55152.5
2026-04-05 09:17:35,7890,8,3.779333,43.7868,3.594e-05,2.812e-05,5.7285,3.00,7.52,0.15,55219.3
2026-04-05 09:18:41,7900,8,3.579396,35.8519,3.593e-05,2.811e-05,5.6659,3.01,7.52,0.15,55285.4
2026-04-05 09:19:50,7910,8,3.800865,44.7399,3.592e-05,2.810e-05,5.9320,3.05,7.52,0.15,55354.3
2026-04-05 09:20:56,7920,8,3.584876,36.0489,3.590e-05,2.810e-05,5.9874,3.00,7.52,0.15,55420.0
2026-04-05 09:22:04,7930,8,2.845644,17.2126,3.589e-05,2.809e-05,5.9283,3.01,7.52,0.15,55488.1
2026-04-05 09:23:10,7940,8,3.743499,42.2456,3.588e-05,2.808e-05,6.2084,3.00,7.52,0.15,55554.4
2026-04-05 09:24:17,7950,8,3.659703,38.8498,3.587e-05,2.808e-05,5.9481,3.00,7.52,0.15,55620.9
2026-04-05 09:25:24,7960,8,3.793849,44.4271,3.586e-05,2.807e-05,5.8703,3.02,7.52,0.15,55688.3
2026-04-05 09:26:30,7970,8,3.455099,31.6614,3.585e-05,2.806e-05,6.0246,3.03,7.52,0.15,55754.4
2026-04-05 09:27:37,7980,8,3.812175,45.2488,3.584e-05,2.806e-05,6.1925,3.01,7.52,0.15,55821.3
2026-04-05 09:28:44,7990,8,3.855136,47.2350,3.583e-05,2.805e-05,5.8811,3.05,7.52,0.15,55888.4
2026-04-05 09:29:50,8000,8,3.474046,32.2670,3.582e-05,2.804e-05,5.7137,3.00,7.52,0.15,55954.4
2026-04-05 09:42:43,8010,8,3.568921,35.4783,3.581e-05,2.804e-05,5.5503,3.01,7.52,0.01,56727.0
2026-04-05 09:43:26,8020,8,3.815944,45.4196,3.580e-05,2.803e-05,5.9753,3.05,7.52,0.23,56770.5
2026-04-05 09:44:18,8030,8,3.550937,34.8459,3.579e-05,2.802e-05,5.9910,3.04,7.52,0.19,56822.1
2026-04-05 09:45:29,8040,8,3.648941,38.4340,3.578e-05,2.802e-05,6.0725,3.01,7.52,0.14,56893.6
2026-04-05 09:46:47,8050,8,3.666822,39.1274,3.577e-05,2.801e-05,6.1809,3.01,7.52,0.13,56971.6
2026-04-05 09:48:02,8060,8,3.836384,46.3576,3.576e-05,2.800e-05,6.2084,3.00,7.52,0.13,57045.9
2026-04-05 09:49:18,8070,8,3.735598,41.9131,3.575e-05,2.800e-05,5.8615,3.02,7.52,0.13,57121.7
2026-04-05 09:50:34,8080,8,3.607857,36.8869,3.574e-05,2.799e-05,5.9498,3.01,7.52,0.13,57198.1
2026-04-05 09:51:52,8090,8,3.689320,40.0176,3.573e-05,2.798e-05,5.7770,3.03,7.52,0.13,57276.2
2026-04-05 09:53:06,8100,8,3.537595,34.3841,3.572e-05,2.798e-05,5.8588,3.02,7.52,0.13,57350.3
2026-04-05 09:54:20,8110,8,3.774337,43.5686,3.571e-05,2.797e-05,5.8413,3.02,7.52,0.13,57424.6
2026-04-05 09:55:37,8120,8,3.782612,43.9307,3.570e-05,2.796e-05,6.0499,3.01,7.52,0.13,57501.3
2026-04-05 09:57:32,8130,8,3.542845,34.5651,3.569e-05,2.796e-05,5.9256,3.01,7.52,0.09,57616.1
2026-04-05 09:59:24,8140,8,3.689139,40.0104,3.568e-05,2.795e-05,6.1025,3.02,7.52,0.09,57728.3
2026-04-05 10:01:23,8150,8,3.753837,42.6846,3.567e-05,2.794e-05,5.5191,3.02,7.52,0.08,57847.1
2026-04-05 10:03:20,8160,8,3.581983,35.9447,3.565e-05,2.794e-05,5.7687,2.99,7.52,0.09,57964.6
2026-04-05 10:05:13,8170,8,3.541501,34.5187,3.564e-05,2.793e-05,6.0053,3.00,7.52,0.09,58076.7
2026-04-05 10:07:08,8180,8,3.827129,45.9305,3.563e-05,2.792e-05,5.6973,3.03,7.52,0.09,58192.2
2026-04-05 10:09:05,8190,8,3.688356,39.9791,3.562e-05,2.792e-05,5.9203,3.05,7.52,0.09,58309.7
2026-04-05 10:11:02,8200,8,3.778499,43.7503,3.561e-05,2.791e-05,6.0801,3.01,7.52,0.09,58426.5
2026-04-05 10:13:01,8210,8,3.696532,40.3073,3.560e-05,2.790e-05,6.0758,2.99,7.52,0.08,58545.2
2026-04-05 10:14:59,8220,8,3.585820,36.0829,3.559e-05,2.790e-05,6.2898,3.00,7.52,0.08,58663.0
2026-04-05 10:16:56,8230,8,3.834119,46.2527,3.558e-05,2.789e-05,5.9047,3.03,7.52,0.09,58780.5
2026-04-05 10:18:53,8240,8,3.772869,43.5047,3.557e-05,2.788e-05,5.7508,3.00,7.52,0.09,58897.7
2026-04-05 10:20:52,8250,8,3.599651,36.5854,3.556e-05,2.787e-05,5.9590,3.05,7.52,0.08,59016.1
2026-04-05 10:22:50,8260,8,3.707957,40.7704,3.555e-05,2.787e-05,5.8592,2.99,7.52,0.08,59134.5
2026-04-05 10:24:43,8270,8,3.456024,31.6907,3.554e-05,2.786e-05,5.8168,3.02,7.52,0.09,59247.3
2026-04-05 10:26:40,8280,8,3.574743,35.6855,3.553e-05,2.785e-05,5.7754,3.01,7.52,0.09,59364.0
2026-04-05 10:28:36,8290,8,3.583177,35.9877,3.552e-05,2.785e-05,6.3210,3.01,7.52,0.09,59480.5
2026-04-05 10:30:33,8300,8,3.588461,36.1784,3.551e-05,2.784e-05,5.6398,3.02,7.52,0.09,59597.4
2026-04-05 14:01:02,8310,8,3.888279,48.8268,3.549e-05,2.783e-05,5.7363,3.02,7.52,0.00,72226.4
2026-04-05 14:02:02,8320,8,3.459410,31.7982,3.548e-05,2.783e-05,5.8945,2.99,7.52,0.17,72286.0
2026-04-05 14:03:10,8330,8,3.710436,40.8716,3.547e-05,2.782e-05,5.8059,3.02,7.52,0.15,72353.8
2026-04-05 14:04:15,8340,9,3.506888,33.3443,3.546e-05,2.781e-05,5.6153,3.02,7.52,0.15,72419.6
2026-04-05 14:05:20,8350,9,3.536303,34.3397,3.545e-05,2.780e-05,5.8445,3.01,7.52,0.15,72484.3
2026-04-05 14:06:30,8360,9,3.615747,37.1791,3.544e-05,2.780e-05,6.2535,3.03,7.52,0.14,72554.3
2026-04-05 14:07:38,8370,9,3.498166,33.0548,3.543e-05,2.779e-05,6.4900,3.00,7.52,0.15,72622.3
2026-04-05 14:08:44,8380,9,3.679188,39.6142,3.542e-05,2.778e-05,6.4008,2.99,7.52,0.15,72687.9
2026-04-05 14:09:53,8390,9,3.651328,38.5258,3.541e-05,2.778e-05,6.2901,3.01,7.52,0.14,72757.7
2026-04-05 14:10:59,8400,9,3.500685,33.1381,3.540e-05,2.777e-05,6.4408,3.01,7.52,0.15,72823.1
2026-04-05 14:11:48,8410,9,3.446771,31.3988,3.539e-05,2.776e-05,6.5322,3.00,7.52,0.21,72871.8
2026-04-05 14:12:30,8420,9,3.530354,34.1360,3.538e-05,2.776e-05,6.4273,3.02,7.52,0.24,72914.3
2026-04-05 14:13:11,8430,9,3.392332,29.7352,3.537e-05,2.775e-05,6.2106,3.01,7.52,0.25,72955.1
2026-04-05 14:13:53,8440,9,3.553875,34.9485,3.535e-05,2.774e-05,6.4956,3.02,7.52,0.24,72997.2
2026-04-05 14:14:34,8450,9,3.284068,26.6841,3.534e-05,2.773e-05,6.1626,3.01,7.52,0.24,73038.2
2026-04-05 14:15:17,8460,9,3.655089,38.6710,3.533e-05,2.773e-05,6.1577,3.00,7.52,0.23,73081.1
2026-04-05 14:15:59,8470,9,3.505420,33.2954,3.532e-05,2.772e-05,6.7063,3.01,7.52,0.24,73122.8
2026-04-05 14:16:40,8480,9,3.359759,28.7823,3.531e-05,2.771e-05,6.6415,3.01,7.52,0.24,73164.1
2026-04-05 14:17:22,8490,9,3.450811,31.5260,3.530e-05,2.771e-05,6.9468,3.05,7.52,0.24,73206.0
2026-04-05 14:18:03,8500,9,3.691040,40.0865,3.529e-05,2.770e-05,6.4598,3.02,7.52,0.24,73247.2
2026-04-05 14:18:43,8510,9,3.652812,38.5830,3.528e-05,2.769e-05,6.4078,3.00,7.52,0.25,73287.3
2026-04-05 14:19:26,8520,9,3.429609,30.8646,3.527e-05,2.768e-05,6.0491,3.02,7.52,0.23,73330.7
2026-04-05 14:20:07,8530,9,3.695881,40.2810,3.526e-05,2.768e-05,6.4408,3.01,7.52,0.25,73371.5
2026-04-05 14:20:47,8540,9,3.628637,37.6615,3.525e-05,2.767e-05,6.3199,3.01,7.52,0.25,73411.7
2026-04-05 14:21:28,8550,9,3.478813,32.4212,3.523e-05,2.766e-05,6.3262,3.03,7.52,0.25,73452.5
2026-04-05 14:22:10,8560,9,3.592621,36.3292,3.522e-05,2.766e-05,6.5157,3.00,7.52,0.24,73494.7
2026-04-05 14:22:52,8570,9,3.566902,35.4067,3.521e-05,2.765e-05,6.0171,3.03,7.52,0.24,73536.7
2026-04-05 14:23:34,8580,9,3.595093,36.4191,3.520e-05,2.764e-05,6.4692,3.01,7.52,0.24,73577.9
2026-04-05 14:24:16,8590,9,3.527802,34.0490,3.519e-05,2.763e-05,6.5337,3.01,7.52,0.24,73620.0
2026-04-05 14:24:57,8600,9,3.575008,35.6949,3.518e-05,2.763e-05,6.5052,3.02,7.52,0.24,73661.7
2026-04-05 14:37:30,8610,9,3.715356,41.0732,3.517e-05,2.762e-05,6.6077,3.00,7.52,0.01,74414.6
2026-04-05 14:38:15,8620,9,3.565875,35.3704,3.516e-05,2.761e-05,6.6202,3.00,7.52,0.22,74459.5
2026-04-05 14:39:01,8630,9,3.257445,25.9831,3.515e-05,2.760e-05,6.7033,3.03,7.52,0.22,74505.5
2026-04-05 14:39:45,8640,9,3.653618,38.6141,3.513e-05,2.760e-05,6.6526,3.01,7.52,0.23,74549.4
2026-04-05 14:40:27,8650,9,3.628274,37.6478,3.512e-05,2.759e-05,6.8691,3.00,7.52,0.24,74591.3
2026-04-05 14:41:09,8660,9,3.282583,26.6445,3.511e-05,2.758e-05,6.3878,3.03,7.52,0.24,74633.4
2026-04-05 14:41:53,8670,9,3.554525,34.9712,3.510e-05,2.757e-05,6.6824,3.01,7.52,0.23,74677.7
2026-04-05 14:42:38,8680,9,3.828314,45.9849,3.509e-05,2.757e-05,6.6654,3.00,7.52,0.22,74722.5
2026-04-05 14:43:26,8690,9,3.310015,27.3855,3.508e-05,2.756e-05,6.7799,3.02,7.52,0.21,74769.9
2026-04-05 14:44:08,8700,9,3.828167,45.9782,3.507e-05,2.755e-05,6.4329,3.03,7.52,0.23,74812.6
2026-04-05 14:44:53,8710,9,3.769499,43.3583,3.506e-05,2.755e-05,6.6003,3.02,7.52,0.22,74857.6
2026-04-05 14:45:41,8720,9,3.595258,36.4251,3.505e-05,2.754e-05,6.5016,3.02,7.52,0.21,74904.7
2026-04-05 14:46:25,8730,9,3.396825,29.8691,3.503e-05,2.753e-05,6.7923,3.01,7.52,0.23,74948.8
2026-04-05 14:47:11,8740,9,3.606538,36.8383,3.502e-05,2.752e-05,7.0674,3.02,7.52,0.22,74994.8
2026-04-05 14:47:58,8750,9,3.608960,36.9276,3.501e-05,2.752e-05,6.6784,3.03,7.52,0.21,75041.9
2026-04-05 14:48:47,8760,9,3.486037,32.6563,3.500e-05,2.751e-05,6.2198,3.03,7.52,0.20,75090.8
2026-04-05 14:49:33,8770,9,3.824815,45.8243,3.499e-05,2.750e-05,6.7241,3.00,7.52,0.22,75136.9
2026-04-05 14:50:17,8780,9,3.619231,37.3089,3.498e-05,2.749e-05,6.7412,3.02,7.52,0.23,75180.8
2026-04-05 14:51:02,8790,9,3.639509,38.0731,3.497e-05,2.749e-05,6.8308,3.01,7.52,0.22,75226.6
2026-04-05 14:51:55,8800,9,3.714613,41.0427,3.496e-05,2.748e-05,6.5097,2.99,7.52,0.19,75279.0
