SENTENCE_NAME,duration_sec,word_count
--8pSDeC-fg_0-5-rgb_front,0.48,1
--dANj_01AU_13-5-rgb_front,1.0900000000000034,9
--dANj_01AU_20-5-rgb_front,1.25,3
-06_nJnhORg_21-5-rgb_front,0.8199999999999932,38
-0BynF9TSNI_13-5-rgb_front,0.7900000000000063,5
-0N0jbyBW6g_0-5-rgb_front,0.48,1
-0N0jbyBW6g_11-5-rgb_front,0.8099999999999881,2
-0daC3SWCPQ_0-5-rgb_front,0.4,1
-0yRaqY7nTE_0-5-rgb_front,0.48999999999999977,1
-1fUFbij2s0_7-5-rgb_front,1.1000000000000014,2
-23PZTqtDBw_8-5-rgb_front,0.9600000000000009,1
-8L6L9fFWK8_0-8-rgb_front,0.22000000000000003,1
-8L6L9fFWK8_8-8-rgb_front,1.2899999999999991,6
-8j9K3T5lkw_6-8-rgb_front,0.9800000000000004,4
-8tIt1vEinQ_10-8-rgb_front,0.39000000000000057,1
-8tIt1vEinQ_18-8-rgb_front,0.8100000000000023,3
-8tIt1vEinQ_25-8-rgb_front,0.4399999999999977,2
-8tIt1vEinQ_9-8-rgb_front,0.8900000000000006,4
-8uwu59w8QE_0-8-rgb_front,0.13,1
-8uwu59w8QE_12-8-rgb_front,1.190000000000012,7
-8uwu59w8QE_15-8-rgb_front,0.8799999999999955,3
-8uwu59w8QE_3-8-rgb_front,1.2899999999999991,11
-8uwu59w8QE_4-8-rgb_front,0.4900000000000002,12
-916rCqIrfY_6-5-rgb_front,0.6400000000000006,2
-9D6kP1TgbY_15-8-rgb_front,0.990000000000002,4
-9D6kP1TgbY_19-8-rgb_front,1.2199999999999989,3
-9D6kP1TgbY_20-8-rgb_front,1.2000000000000028,2
-9D6kP1TgbY_8-8-rgb_front,1.0700000000000003,4
-9Kic0QsCYs_0-8-rgb_front,0.12000000000000001,3
-9nBmSvp2Co_18-8-rgb_front,1.0,6
-9nBmSvp2Co_5-8-rgb_front,0.9400000000000013,3
-9nBmSvp2Co_9-8-rgb_front,0.8099999999999952,2
-9umTJVGSqk_5-8-rgb_front,0.8000000000000007,3
-AFID_P6YU0_15-8-rgb_front,1.2299999999999969,7
-AFID_P6YU0_17-8-rgb_front,1.2600000000000051,4
-AKdG2AyDW4_3-8-rgb_front,1.2300000000000004,16
-AKdG2AyDW4_5-8-rgb_front,0.6900000000000013,3
-AKdG2AyDW4_6-8-rgb_front,0.7899999999999991,6
-AZVqXtWGg0_13-8-rgb_front,0.5999999999999943,6
-AZVqXtWGg0_14-8-rgb_front,0.9699999999999989,2
-AZVqXtWGg0_19-8-rgb_front,1.1199999999999903,3
-AZVqXtWGg0_24-8-rgb_front,1.170000000000016,3
-AZVqXtWGg0_26-8-rgb_front,0.9899999999999807,7
-Aiz9jYxt4g_5-8-rgb_front,1.0499999999999972,5
-Ajh5HDqsi4_0-8-rgb_front,0.27999999999999997,1
-B0GueDqaoY_10-8-rgb_front,1.2199999999999989,6
-BABPsEWA54_17-3-rgb_front,0.5799999999999983,3
-BABPsEWA54_19-3-rgb_front,1.0699999999999932,4
-BABPsEWA54_27-3-rgb_front,1.1200000000000045,3
-BFCJ9zmfOo_10-8-rgb_front,1.1799999999999997,4
-BFCJ9zmfOo_13-8-rgb_front,1.1500000000000057,5
-BFCJ9zmfOo_14-8-rgb_front,0.5600000000000023,1
-BFCJ9zmfOo_15-8-rgb_front,0.730000000000004,2
-BFCJ9zmfOo_17-8-rgb_front,0.9699999999999989,1
-BFCJ9zmfOo_3-8-rgb_front,0.22000000000000242,1
-BrxzwEb3E8_10-8-rgb_front,1.2800000000000011,9
-BrxzwEb3E8_5-8-rgb_front,1.1900000000000048,7
-Bz0BNwqAE4_2-5-rgb_front,0.46999999999999886,1
-CAPvlP0BvY_4-8-rgb_front,1.1400000000000006,6
-CAPvlP0BvY_5-8-rgb_front,0.5599999999999987,1
-CAPvlP0BvY_6-8-rgb_front,1.0899999999999999,3
-CmdMw3PKV8_10-8-rgb_front,0.20000000000000284,2
-CmdMw3PKV8_19-8-rgb_front,0.9099999999999966,3
-CmdMw3PKV8_20-8-rgb_front,0.6700000000000017,3
-CmdMw3PKV8_32-8-rgb_front,0.6199999999999761,5
-CmdMw3PKV8_33-8-rgb_front,1.1800000000000068,4
-CtWAhfREEc_9-8-rgb_front,0.9799999999999969,3
-Db1NJJFmVI_25-8-rgb_front,1.1599999999999966,4
-Db1NJJFmVI_3-8-rgb_front,1.1799999999999997,8
-EdUkSqns3U_10-3-rgb_front,0.8700000000000045,4
-EdUkSqns3U_11-3-rgb_front,1.1499999999999915,2
-EgUpIYXF3k_10-8-rgb_front,1.2100000000000009,5
-EgUpIYXF3k_11-8-rgb_front,0.9299999999999997,4
-EgUpIYXF3k_13-8-rgb_front,1.2100000000000009,6
-EsVrbRTMU4_1-8-rgb_front,1.1500000000000004,4
-EsVrbRTMU4_18-8-rgb_front,1.1799999999999926,9
-F6vN4bOBWs_14-8-rgb_front,0.35999999999999943,1
-F6vN4bOBWs_15-8-rgb_front,1.0800000000000125,2
-_3bUhnn4PU_3-8-rgb_front,1.0599999999999987,5
-_3bUhnn4PU_8-8-rgb_front,1.0300000000000011,5
-_6Fmz29bhU_0-1-rgb_front,0.32,1
-_6Fmz29bhU_15-1-rgb_front,1.2900000000000063,5
-_6Fmz29bhU_18-1-rgb_front,0.7199999999999989,3
-_6Fmz29bhU_19-1-rgb_front,0.9200000000000017,4
-_6Fmz29bhU_21-1-rgb_front,0.8599999999999994,5
-_6Fmz29bhU_22-1-rgb_front,0.5700000000000074,2
-_6Fmz29bhU_5-1-rgb_front,0.7199999999999989,5
-aNfi7CP8vM_6-3-rgb_front,0.6999999999999993,5
-bTEtrts5ZU_12-8-rgb_front,1.1100000000000065,8
-bTEtrts5ZU_3-8-rgb_front,0.9100000000000001,6
-bTEtrts5ZU_4-8-rgb_front,1.2299999999999986,7
-bTEtrts5ZU_8-8-rgb_front,0.9399999999999977,12
-c5CKp2JWHE_11-5-rgb_front,1.1099999999999994,3
-c5CKp2JWHE_12-5-rgb_front,1.1899999999999977,4
-cv1gZaGtNk_0-5-rgb_front,1.05,4
-dNt6nmRfFE_15-5-rgb_front,1.230000000000004,4
-dTqNMtTqO8_7-5-rgb_front,1.230000000000004,2
-dYKLsoFtbU_10-5-rgb_front,1.0600000000000023,4
-dYKLsoFtbU_6-5-rgb_front,0.45000000000000284,1
-djRbCXJLYo_2-5-rgb_front,0.5599999999999987,2
-eJI_YOtHNE_19-5-rgb_front,0.6500000000000057,2
-eaisNdrTS4_10-5-rgb_front,0.6700000000000017,1
-eaisNdrTS4_15-5-rgb_front,0.4900000000000091,1
-eaisNdrTS4_18-5-rgb_front,0.38000000000000256,1
-eryXkkckv8_8-5-rgb_front,0.7700000000000031,9
-fPRgGA3QYY_15-5-rgb_front,0.3500000000000085,10
-fPRgGA3QYY_16-5-rgb_front,0.29999999999999716,7
-fPRgGA3QYY_5-5-rgb_front,0.28000000000000114,1
-fSI2e1pqkY_7-5-rgb_front,0.75,4
0-n5YbN2IZA_12-5-rgb_front,0.75,3
0-n5YbN2IZA_3-5-rgb_front,1.25,5
0-zewtxhuR8_0-5-rgb_front,0.17000000000000004,1
001evy9D-mw_7-5-rgb_front,1.210000000000008,5
002pHlZGEQ8_14-5-rgb_front,0.46999999999999886,3
002pHlZGEQ8_15-5-rgb_front,1.2899999999999991,6
005j20-PoLw_0-5-rgb_front,0.38,1
00Cal635Wno_2-5-rgb_front,0.5099999999999989,2
00Cal635Wno_5-5-rgb_front,0.23000000000000043,2
00DKFksyVnQ_1-5-rgb_front,0.6099999999999994,2
00DKFksyVnQ_4-5-rgb_front,1.2800000000000011,2
00Fc7cZX1gM_5-5-rgb_front,1.240000000000002,3
00YBzfWomz8_11-5-rgb_front,1.019999999999996,2
00YBzfWomz8_5-5-rgb_front,1.1000000000000014,3
00YBzfWomz8_7-5-rgb_front,1.259999999999998,7
00m1mQFF5zo_7-3-rgb_front,1.1199999999999974,3
00m1mQFF5zo_9-3-rgb_front,1.1899999999999977,2
01G_nWgaYAQ_10-3-rgb_front,0.010000000000005116,13
01j1UveqztE_11-3-rgb_front,1.230000000000004,6
01j1UveqztE_3-3-rgb_front,0.5,4
01m9yM04RwY_11-3-rgb_front,0.8799999999999955,4
01m9yM04RwY_13-3-rgb_front,0.7199999999999989,2
01m9yM04RwY_14-3-rgb_front,0.769999999999996,4
01m9yM04RwY_16-3-rgb_front,1.1599999999999966,3
01m9yM04RwY_17-3-rgb_front,0.9100000000000108,3
01m9yM04RwY_19-3-rgb_front,1.0200000000000102,2
01m9yM04RwY_4-3-rgb_front,0.8400000000000034,3
01ucR6XreJw_12-5-rgb_front,0.9399999999999977,6
025gAKRCIKY_12-3-rgb_front,1.1700000000000017,4
02LnULLXds4_0-8-rgb_front,0.91,3
02LnULLXds4_21-8-rgb_front,1.1599999999999966,7
02LnULLXds4_7-8-rgb_front,1.0,4
02LnULLXds4_8-8-rgb_front,1.2899999999999991,3
02WRxAwx-Bo_19-8-rgb_front,0.9300000000000068,4
02WRxAwx-Bo_3-8-rgb_front,0.9499999999999993,3
02WRxAwx-Bo_9-8-rgb_front,0.9699999999999989,2
02aFykvwx6M_18-8-rgb_front,0.6400000000000006,8
02aFykvwx6M_5-8-rgb_front,1.2100000000000009,9
02yXvi1VmPI_0-8-rgb_front,0.41999999999999993,1
032PDxai5GE_11-8-rgb_front,1.1299999999999955,3
032PDxai5GE_15-8-rgb_front,1.2399999999999949,4
032PDxai5GE_16-8-rgb_front,1.0499999999999972,4
032PDxai5GE_5-8-rgb_front,0.9100000000000001,6
032PDxai5GE_8-8-rgb_front,1.1700000000000017,4
03SgrpiJkSw_0-8-rgb_front,0.19,1
03SgrpiJkSw_1-8-rgb_front,0.97,5
03SgrpiJkSw_3-8-rgb_front,1.0600000000000005,5
03SgrpiJkSw_6-8-rgb_front,0.9100000000000001,3
03WUE9zzQY4_7-8-rgb_front,0.9399999999999977,4
03WUE9zzQY4_8-8-rgb_front,0.4599999999999973,1
03jABW2MKkk_12-8-rgb_front,1.1700000000000017,1
03jABW2MKkk_7-8-rgb_front,1.1099999999999994,6
03xD5BhCG94_1-8-rgb_front,1.1700000000000017,4
03xD5BhCG94_12-8-rgb_front,0.6199999999999974,1
03xD5BhCG94_15-8-rgb_front,1.1299999999999955,4
03xD5BhCG94_16-8-rgb_front,0.8299999999999983,1
03xD5BhCG94_17-8-rgb_front,0.2600000000000051,1
03xD5BhCG94_18-8-rgb_front,0.8299999999999983,1
03xD5BhCG94_20-8-rgb_front,0.5599999999999881,1
03xD5BhCG94_21-8-rgb_front,0.480000000000004,1
03xD5BhCG94_22-8-rgb_front,1.0600000000000023,1
03xD5BhCG94_23-8-rgb_front,0.21999999999999886,1
03xD5BhCG94_24-8-rgb_front,1.1099999999999994,1
05gjcxakphc_6-5-rgb_front,1.1000000000000014,4
05pLyheXjeo_19-5-rgb_front,0.8100000000000023,4
06St8W_JHok_21-5-rgb_front,0.9500000000000028,5
06St8W_JHok_25-5-rgb_front,0.5900000000000034,4
06jk1stVwMI_12-5-rgb_front,0.7899999999999991,4
06jk1stVwMI_17-5-rgb_front,0.44999999999999574,1
06jk1stVwMI_24-5-rgb_front,0.8599999999999994,1
06jk1stVwMI_26-5-rgb_front,0.960000000000008,1
06jk1stVwMI_4-5-rgb_front,1.200000000000001,3
077IIb5uuCs_4-5-rgb_front,0.9599999999999973,6
077rQK39ycg_21-5-rgb_front,0.3699999999999761,1
07EGkSiMsL0_10-5-rgb_front,1.0600000000000023,3
07EGkSiMsL0_14-5-rgb_front,1.1800000000000068,3
07U8pEf63Pw_13-5-rgb_front,1.2100000000000009,5
07U8pEf63Pw_2-5-rgb_front,0.9100000000000001,3
07mFG9turoU_10-5-rgb_front,0.259999999999998,1
07mFG9turoU_28-5-rgb_front,0.28000000000000114,1
07mFG9turoU_29-5-rgb_front,0.23999999999999488,1
07mFG9turoU_30-5-rgb_front,0.5600000000000023,2
07mFG9turoU_32-5-rgb_front,1.1600000000000108,1
07mFG9turoU_35-5-rgb_front,0.21999999999999886,1
07mFG9turoU_36-5-rgb_front,0.14999999999999147,1
07mFG9turoU_38-5-rgb_front,0.5700000000000074,1
07mFG9turoU_42-5-rgb_front,1.2800000000000011,9
07n9gNTlVdI_0-5-rgb_front,0.7,3
09B_3NBFoM8_7-5-rgb_front,1.1300000000000026,3
09GN-XezUJg_4-8-rgb_front,1.1699999999999982,4
09GN-XezUJg_5-8-rgb_front,1.2899999999999991,4
09KiqMdCSKc_16-8-rgb_front,0.010000000000005116,5
09KiqMdCSKc_2-8-rgb_front,0.08000000000000007,7
09cQe0gC2-0_12-8-rgb_front,0.9299999999999997,5
09cQe0gC2-0_9-8-rgb_front,0.7899999999999991,5
09pImpqIfaU_0-8-rgb_front,0.3,1
09wc1lfk_P4_0-8-rgb_front,0.4999999999999999,1
0ACeI3_jN3k_12-8-rgb_front,1.2999999999999972,10
0ACeI3_jN3k_13-8-rgb_front,1.0499999999999972,3
0AL_w4FP-vA_3-8-rgb_front,0.16999999999999993,1
0C16xFUBT3c_6-3-rgb_front,1.1600000000000001,4
0C9R7XjhUuo_0-8-rgb_front,1.28,6
0C9R7XjhUuo_4-8-rgb_front,1.2800000000000011,4
0CAt2QlIcco_11-8-rgb_front,1.2899999999999991,3
0CAt2QlIcco_3-8-rgb_front,0.6899999999999995,11
0CAt2QlIcco_8-8-rgb_front,1.0400000000000027,4
0CGoYyy61p8_11-8-rgb_front,1.2899999999999991,7
0CGoYyy61p8_20-8-rgb_front,0.4000000000000057,2
0CGoYyy61p8_23-8-rgb_front,0.28000000000000114,2
0CGoYyy61p8_5-8-rgb_front,1.0600000000000023,4
0CGoYyy61p8_6-8-rgb_front,0.509999999999998,3
0CGoYyy61p8_7-8-rgb_front,1.0,3
0CGoYyy61p8_8-8-rgb_front,1.2399999999999949,9
0C_NjyLtHwc_11-8-rgb_front,0.6099999999999994,4
0C_NjyLtHwc_13-8-rgb_front,0.9400000000000048,4
0C_NjyLtHwc_14-8-rgb_front,1.25,4
0C_NjyLtHwc_15-8-rgb_front,0.7299999999999969,4
0C_NjyLtHwc_16-8-rgb_front,0.6299999999999955,3
0C_NjyLtHwc_17-8-rgb_front,1.1999999999999957,3
0C_NjyLtHwc_18-8-rgb_front,0.779999999999994,3
0C_NjyLtHwc_19-8-rgb_front,1.0399999999999991,4
0C_NjyLtHwc_22-8-rgb_front,0.7299999999999969,6
0C_NjyLtHwc_30-8-rgb_front,0.8100000000000023,3
0C_NjyLtHwc_32-8-rgb_front,0.45000000000000284,4
0C_NjyLtHwc_39-8-rgb_front,1.259999999999991,7
0C_NjyLtHwc_41-8-rgb_front,0.539999999999992,3
0C_NjyLtHwc_46-8-rgb_front,0.8599999999999852,5
0C_NjyLtHwc_49-8-rgb_front,0.7400000000000091,3
0C_NjyLtHwc_51-8-rgb_front,0.8800000000000239,3
0C_NjyLtHwc_53-8-rgb_front,1.0800000000000125,8
0C_NjyLtHwc_56-8-rgb_front,0.9499999999999886,3
0C_NjyLtHwc_57-8-rgb_front,0.8100000000000023,9
0C_NjyLtHwc_73-8-rgb_front,0.4099999999999966,1
0C_NjyLtHwc_74-8-rgb_front,0.5900000000000034,3
0C_NjyLtHwc_9-8-rgb_front,0.8599999999999994,3
0CrEEBjBSTM_5-3-rgb_front,1.1199999999999974,6
0DR03wVvqTI_15-8-rgb_front,1.1600000000000037,6
0DR03wVvqTI_18-8-rgb_front,0.7800000000000011,21
0DR03wVvqTI_6-8-rgb_front,0.7399999999999984,7
0DU7wWLK-QU_0-8-rgb_front,0.12,1
0DU7wWLK-QU_10-8-rgb_front,0.8500000000000014,4
0DU7wWLK-QU_5-8-rgb_front,0.8200000000000003,3
0Dqrsiqf4pY_0-8-rgb_front,1.22,4
0Dqrsiqf4pY_3-8-rgb_front,0.7099999999999991,2
0E4mKYwAhOs_0-8-rgb_front,0.14,1
0E4mKYwAhOs_3-8-rgb_front,0.28000000000000114,1
0EXgSf1yN-0_10-8-rgb_front,1.2800000000000011,13
0EjXICFqrKo_13-8-rgb_front,1.25,3
0EjXICFqrKo_14-8-rgb_front,0.7599999999999909,2
0EjXICFqrKo_15-8-rgb_front,1.269999999999996,2
0EjXICFqrKo_18-8-rgb_front,0.769999999999996,2
0EjXICFqrKo_21-8-rgb_front,0.5300000000000011,1
0EjXICFqrKo_22-8-rgb_front,0.5300000000000011,2
0EjXICFqrKo_25-8-rgb_front,0.29999999999999716,1
0EjXICFqrKo_27-8-rgb_front,0.8900000000000006,4
0EjXICFqrKo_30-8-rgb_front,0.5300000000000011,1
0EjXICFqrKo_32-8-rgb_front,0.6200000000000045,6
0EjXICFqrKo_34-8-rgb_front,1.0700000000000074,3
0EjXICFqrKo_37-8-rgb_front,0.6799999999999926,2
0EjXICFqrKo_4-8-rgb_front,0.30999999999999517,3
0EjXICFqrKo_8-8-rgb_front,1.2999999999999972,5
0Fdg59G2-SI_14-2-rgb_front,0.4100000000000037,7
0Fdg59G2-SI_2-2-rgb_front,0.8399999999999999,18
0Fdg59G2-SI_7-2-rgb_front,1.0599999999999987,3
0Fdg59G2-SI_8-2-rgb_front,0.5499999999999972,5
0FrdEk0KBzg_16-1-rgb_front,0.710000000000008,5
0GJk5oID0PA_20-3-rgb_front,1.0599999999999739,6
0HMTm0ljVl8_0-5-rgb_front,0.9600000000000001,3
0IsoobG67PY_0-5-rgb_front,0.5599999999999999,1
0J3KAGixLRo_0-5-rgb_front,0.48000000000000004,4
0J3KAGixLRo_7-5-rgb_front,0.4399999999999977,2
0JH35Eyysww_10-5-rgb_front,1.2600000000000051,2
0JLA3FdXedM_7-5-rgb_front,1.2000000000000028,2
0JZYw74996E_8-5-rgb_front,1.2199999999999989,4
0Klw2OYcfoE_6-5-rgb_front,0.13000000000000256,1
0KpJxzHyTUo_0-5-rgb_front,0.21999999999999986,1
0oHN9y80NME_1-5-rgb_front,0.8999999999999986,3
0pCWadlP-9Q_4-8-rgb_front,1.0,10
0plX1nykYwE_4-5-rgb_front,1.1900000000000013,3
0psMj0gsJjs_10-5-rgb_front,0.9799999999999898,3
0psMj0gsJjs_11-5-rgb_front,0.5300000000000011,2
0psMj0gsJjs_15-5-rgb_front,1.1500000000000057,3
0psMj0gsJjs_16-5-rgb_front,0.23000000000000398,5
0psMj0gsJjs_17-5-rgb_front,0.6800000000000068,6
0psMj0gsJjs_18-5-rgb_front,0.6899999999999977,2
0psMj0gsJjs_21-5-rgb_front,0.75,3
0psMj0gsJjs_26-5-rgb_front,0.7200000000000131,2
0psMj0gsJjs_28-5-rgb_front,0.8599999999999994,2
0psMj0gsJjs_30-5-rgb_front,0.6400000000000006,2
0psMj0gsJjs_8-5-rgb_front,1.2000000000000028,4
0qYzADqK-Z4_4-8-rgb_front,1.1499999999999986,5
0rXxoOBskMk_10-5-rgb_front,0.9899999999999949,1
0rXxoOBskMk_4-5-rgb_front,0.7600000000000051,15
0rXxoOBskMk_7-5-rgb_front,0.7600000000000051,1
0rsdwK7sHjE_0-5-rgb_front,0.3400000000000001,1
0sIZINMi6jM_3-8-rgb_front,0.8999999999999986,4
0sIZINMi6jM_8-8-rgb_front,1.1300000000000097,5
0sY5frjH9nw_4-8-rgb_front,1.0899999999999999,6
0sY5frjH9nw_9-8-rgb_front,0.9299999999999997,9
0sff0qsiAbw_18-8-rgb_front,1.0600000000000023,3
0sff0qsiAbw_4-8-rgb_front,1.2699999999999996,5
0syI-83QSVM_0-8-rgb_front,0.68,1
0syI-83QSVM_6-8-rgb_front,0.9100000000000037,3
0t4O9jMywAo_1-11-rgb_front,0.9699999999999989,6
0t4O9jMywAo_4-11-rgb_front,1.1900000000000013,5
0tKYBKBXuv0_0-8-rgb_front,0.76,3
0ta2ddEzBA0_6-8-rgb_front,0.3100000000000023,1
0tbZoN0v4OE_27-8-rgb_front,0.710000000000008,3
0tbwqARWKw8_14-4-rgb_front,0.269999999999996,1
0tbwqARWKw8_7-4-rgb_front,0.240000000000002,1
0txiLtDYAZk_0-11-rgb_front,0.6099999999999999,1
0uCaKKqoPSk_1-8-rgb_front,1.17,11
0v5btE6B2xQ_11-8-rgb_front,1.1900000000000048,2
0v5btE6B2xQ_13-8-rgb_front,1.2399999999999949,5
0v9VjQEbbl8_2-8-rgb_front,0.5100000000000016,7
0v9VjQEbbl8_3-8-rgb_front,0.8300000000000001,7
0vHattAvsqk_0-8-rgb_front,1.04,5
0vHattAvsqk_13-8-rgb_front,1.1300000000000026,8
0vHattAvsqk_16-8-rgb_front,0.9200000000000017,5
0vHattAvsqk_17-8-rgb_front,0.730000000000004,5
0vHattAvsqk_18-8-rgb_front,1.25,7
0vHattAvsqk_3-8-rgb_front,1.290000000000001,7
0vHattAvsqk_7-8-rgb_front,1.2200000000000024,2
0vHattAvsqk_8-8-rgb_front,0.9299999999999997,2
0veHGYSKaDc_18-8-rgb_front,0.6600000000000037,1
0veHGYSKaDc_22-8-rgb_front,1.1599999999999966,6
0veHGYSKaDc_25-8-rgb_front,1.0999999999999943,2
0veHGYSKaDc_8-8-rgb_front,0.28999999999999915,1
0vygqtVIP-s_11-8-rgb_front,0.4299999999999926,1
0vygqtVIP-s_12-8-rgb_front,0.6200000000000045,2
0vygqtVIP-s_5-8-rgb_front,0.6099999999999994,10
0vygqtVIP-s_6-8-rgb_front,0.6099999999999994,1
0w4x3Eb0Tvs_8-8-rgb_front,1.1099999999999994,3
0wPJGhjnX-s_0-8-rgb_front,0.25,1
0wf7V55xjvQ_19-8-rgb_front,0.9300000000000068,3
0wxWnnaOhbM_3-5-rgb_front,1.1799999999999997,6
0xkcq_PvKLI_11-5-rgb_front,0.8799999999999955,3
0xxbsy0Ek9I_15-5-rgb_front,1.0,5
0xxbsy0Ek9I_27-5-rgb_front,1.0400000000000063,6
0xxbsy0Ek9I_3-5-rgb_front,0.620000000000001,1
0xxbsy0Ek9I_4-5-rgb_front,1.2600000000000016,4
0xxbsy0Ek9I_5-5-rgb_front,1.0300000000000011,3
0yIzZP0UGdw_17-8-rgb_front,0.5,1
0ybfW9vFAZ4_20-5-rgb_front,0.410000000000025,18
0yuQhcAGSbs_0-5-rgb_front,0.57,1
0z-gCDC8oOw_29-8-rgb_front,0.5699999999999932,2
0z-gCDC8oOw_30-8-rgb_front,1.1899999999999977,10
0z-gCDC8oOw_35-8-rgb_front,1.1299999999999955,4
0zzQqETJdi8_11-5-rgb_front,0.4399999999999977,1
0zzQqETJdi8_12-5-rgb_front,0.4099999999999966,7
0zzQqETJdi8_13-5-rgb_front,0.8500000000000014,1
0zzQqETJdi8_14-5-rgb_front,0.9099999999999966,2
0zzQqETJdi8_16-5-rgb_front,0.8799999999999955,1
0zzQqETJdi8_17-5-rgb_front,0.37999999999999545,1
0zzQqETJdi8_18-5-rgb_front,0.21000000000000085,1
0zzQqETJdi8_19-5-rgb_front,0.6199999999999974,1
0zzQqETJdi8_20-5-rgb_front,0.3299999999999983,2
0zzQqETJdi8_21-5-rgb_front,0.269999999999996,1
1-2UTIfxWao_15-5-rgb_front,0.8299999999999841,3
1-VX310yQTw_0-1-rgb_front,0.32000000000000006,1
1-VX310yQTw_13-1-rgb_front,0.36000000000000654,2
1-VX310yQTw_14-1-rgb_front,0.9500000000000028,6
1-VX310yQTw_25-1-rgb_front,1.289999999999992,4
1-VX310yQTw_36-1-rgb_front,0.6899999999999977,3
1-VX310yQTw_38-1-rgb_front,1.0199999999999818,5
1-VX310yQTw_40-1-rgb_front,0.6799999999999784,3
1-VX310yQTw_5-1-rgb_front,0.7000000000000011,4
1-iy8qmP4l0_11-5-rgb_front,0.7000000000000028,3
1-iy8qmP4l0_18-5-rgb_front,1.0699999999999932,6
1-iy8qmP4l0_19-5-rgb_front,0.8599999999999994,4
1-iy8qmP4l0_21-5-rgb_front,0.5900000000000034,1
1-iy8qmP4l0_3-5-rgb_front,0.1999999999999993,2
1-iy8qmP4l0_5-5-rgb_front,0.7799999999999976,3
10SU1bmcfAw_20-5-rgb_front,1.1400000000000148,2
10d1oeViKYw_26-5-rgb_front,0.15000000000000568,1
10mCoCsahVo_8-8-rgb_front,1.1400000000000006,6
10om04b2LIw_16-8-rgb_front,0.9699999999999989,4
10om04b2LIw_19-8-rgb_front,1.0400000000000063,3
11MdTWBChk0_2-8-rgb_front,0.4700000000000024,4
11QBsM0-DF4_10-8-rgb_front,0.8200000000000003,5
11QBsM0-DF4_11-8-rgb_front,0.4100000000000037,4
11QBsM0-DF4_14-8-rgb_front,1.019999999999996,2
11QBsM0-DF4_16-8-rgb_front,0.9500000000000028,3
11QBsM0-DF4_17-8-rgb_front,1.0700000000000003,4
11QBsM0-DF4_18-8-rgb_front,1.259999999999998,2
11YofC1i8zc_10-8-rgb_front,1.230000000000004,9
11YofC1i8zc_4-8-rgb_front,1.240000000000002,3
11aqPfA6Zgo_11-8-rgb_front,0.37999999999999545,1
11iwFCSB038_0-8-rgb_front,0.39999999999999997,1
11oEwlBqF2M_11-8-rgb_front,1.1999999999999957,3
11oEwlBqF2M_6-8-rgb_front,0.8700000000000045,2
11pWSXWId2A_16-8-rgb_front,1.019999999999996,3
11pWSXWId2A_18-8-rgb_front,1.210000000000008,7
11pWSXWId2A_3-8-rgb_front,1.0400000000000027,6
11pWSXWId2A_6-8-rgb_front,1.2099999999999937,5
11ysPjNRN4Y_12-1-rgb_front,0.8100000000000023,9
13SBIjnC5qA_2-8-rgb_front,0.5300000000000011,7
13X0vEMNm7M_10-5-rgb_front,1.1400000000000006,8
13X0vEMNm7M_11-5-rgb_front,1.269999999999996,4
13X0vEMNm7M_12-5-rgb_front,0.44000000000000483,1
13X0vEMNm7M_15-5-rgb_front,0.6400000000000006,1
13X0vEMNm7M_17-5-rgb_front,0.20999999999999375,1
13X0vEMNm7M_4-5-rgb_front,0.21999999999999886,1
13X0vEMNm7M_6-5-rgb_front,0.20999999999999375,1
13X0vEMNm7M_8-5-rgb_front,0.10999999999999943,1
13xhoBKaViM_0-8-rgb_front,1.27,4
13yrKJ6yOPQ_19-8-rgb_front,0.44000000000001194,1
13yrKJ6yOPQ_22-8-rgb_front,0.8700000000000045,5
13yrKJ6yOPQ_8-8-rgb_front,0.41000000000000014,1
14309WSFpWg_0-8-rgb_front,0.25,3
14309WSFpWg_1-8-rgb_front,1.0599999999999998,5
14309WSFpWg_10-8-rgb_front,0.20000000000000284,1
14309WSFpWg_13-8-rgb_front,0.9599999999999937,4
14309WSFpWg_15-8-rgb_front,0.5700000000000003,3
14309WSFpWg_17-8-rgb_front,0.7199999999999989,4
14309WSFpWg_25-8-rgb_front,0.7199999999999989,4
14309WSFpWg_26-8-rgb_front,0.3299999999999983,2
14309WSFpWg_9-8-rgb_front,0.9399999999999977,3
14_GpqYx36s_17-8-rgb_front,0.480000000000004,3
14_GpqYx36s_19-8-rgb_front,1.0999999999999943,3
14_GpqYx36s_3-8-rgb_front,0.5300000000000011,6
14_GpqYx36s_7-8-rgb_front,0.8399999999999999,3
14fTPEpnW6s_6-8-rgb_front,1.0499999999999972,9
14i542dF6Ps_2-8-rgb_front,1.2100000000000009,9
14i542dF6Ps_8-8-rgb_front,0.7799999999999869,7
14klV5a4_Rg_5-8-rgb_front,0.4299999999999997,9
14vF1lPQCgc_14-8-rgb_front,0.980000000000004,4
14vF1lPQCgc_26-8-rgb_front,0.4800000000000182,6
14vF1lPQCgc_27-8-rgb_front,0.8700000000000045,4
14vF1lPQCgc_6-8-rgb_front,0.38000000000000256,1
14weIYQswlE_10-8-rgb_front,1.240000000000002,5
14weIYQswlE_13-8-rgb_front,0.4100000000000037,1
14weIYQswlE_18-8-rgb_front,0.7999999999999972,1
14weIYQswlE_2-8-rgb_front,0.4800000000000004,1
14weIYQswlE_20-8-rgb_front,0.4299999999999926,1
14weIYQswlE_21-8-rgb_front,1.0300000000000011,6
14weIYQswlE_23-8-rgb_front,0.1599999999999966,1
14weIYQswlE_25-8-rgb_front,0.5799999999999983,2
14weIYQswlE_27-8-rgb_front,0.7299999999999898,1
14weIYQswlE_30-8-rgb_front,0.14999999999999147,1
14weIYQswlE_32-8-rgb_front,0.6599999999999966,1
14weIYQswlE_37-8-rgb_front,0.20999999999999375,1
14weIYQswlE_8-8-rgb_front,0.23000000000000398,1
14weIYQswlE_9-8-rgb_front,1.1600000000000037,7
15-Lma3_mQ4_0-8-rgb_front,0.27,1
15HbVwQP1Qw_13-5-rgb_front,0.7800000000000011,2
15HbVwQP1Qw_14-5-rgb_front,0.8199999999999932,2
15HbVwQP1Qw_15-5-rgb_front,0.6700000000000017,1
15bYoBr7BWs_0-8-rgb_front,0.2600000000000007,1
15bYoBr7BWs_14-8-rgb_front,1.2199999999999989,7
15bYoBr7BWs_15-8-rgb_front,1.0100000000000051,6
15bYoBr7BWs_21-8-rgb_front,0.9499999999999886,9
15bYoBr7BWs_23-8-rgb_front,0.6200000000000045,6
15bYoBr7BWs_32-8-rgb_front,0.5600000000000023,14
15bYoBr7BWs_33-8-rgb_front,1.0799999999999983,6
15bYoBr7BWs_50-8-rgb_front,0.9699999999999989,7
15bYoBr7BWs_51-8-rgb_front,0.7900000000000205,11
16iJ0z4FUqc_14-8-rgb_front,1.1599999999999966,4
16iJ0z4FUqc_24-8-rgb_front,1.0900000000000034,11
16iJ0z4FUqc_25-8-rgb_front,1.0600000000000023,6
16iJ0z4FUqc_28-8-rgb_front,1.25,8
16iJ0z4FUqc_6-8-rgb_front,0.9100000000000001,5
16n946j6kpM_10-8-rgb_front,1.2299999999999969,3
16n946j6kpM_11-8-rgb_front,0.4299999999999997,1
16n946j6kpM_12-8-rgb_front,0.370000000000001,1
16n946j6kpM_13-8-rgb_front,0.759999999999998,4
16n946j6kpM_15-8-rgb_front,0.7899999999999991,4
16n946j6kpM_2-8-rgb_front,0.23000000000000043,1
16n946j6kpM_5-8-rgb_front,0.5700000000000003,4
16n946j6kpM_7-8-rgb_front,0.23999999999999844,4
16n946j6kpM_8-8-rgb_front,0.620000000000001,1
16n946j6kpM_9-8-rgb_front,0.7199999999999989,6
16y-dsX1MDk_15-8-rgb_front,0.3299999999999983,1
17N2zH5tmmI_9-8-rgb_front,0.7800000000000011,5
17a7OrcTz2k_10-3-rgb_front,1.1799999999999997,6
17a7OrcTz2k_6-3-rgb_front,0.8000000000000043,3
17hrR6QZBdU_21-8-rgb_front,0.9399999999999977,4
17hrR6QZBdU_6-8-rgb_front,0.6100000000000065,2
1835p3jEejw_0-8-rgb_front,0.19,1
1835p3jEejw_1-8-rgb_front,0.8899999999999999,3
1835p3jEejw_14-8-rgb_front,1.230000000000004,4
18NasCihOMs_1-8-rgb_front,1.05,3
18NasCihOMs_14-8-rgb_front,0.9199999999999946,4
18NasCihOMs_15-8-rgb_front,0.5799999999999983,3
18NasCihOMs_17-8-rgb_front,1.2800000000000011,5
18NasCihOMs_18-8-rgb_front,0.519999999999996,3
18NasCihOMs_20-8-rgb_front,0.6700000000000017,3
18NasCihOMs_22-8-rgb_front,1.2999999999999972,3
18NasCihOMs_24-8-rgb_front,0.769999999999996,3
18NasCihOMs_37-8-rgb_front,0.8199999999999932,3
18c67jsMBxE_6-8-rgb_front,0.8100000000000023,3
18cpZSBTUQE_15-8-rgb_front,1.0900000000000034,5
195T2UrPC8s_10-8-rgb_front,0.22999999999998977,1
195T2UrPC8s_12-8-rgb_front,0.4199999999999875,1
195T2UrPC8s_3-8-rgb_front,0.39000000000000057,1
195T2UrPC8s_5-8-rgb_front,0.20999999999999375,1
195T2UrPC8s_7-8-rgb_front,0.3299999999999983,1
199hEEkd1aU_0-8-rgb_front,0.99,2
199hEEkd1aU_12-8-rgb_front,1.2800000000000011,5
199hEEkd1aU_14-8-rgb_front,0.7600000000000051,4
199hEEkd1aU_17-8-rgb_front,1.0400000000000063,6
199hEEkd1aU_22-8-rgb_front,0.7099999999999937,3
199hEEkd1aU_33-8-rgb_front,0.5800000000000125,4
199hEEkd1aU_38-8-rgb_front,1.259999999999991,6
19FB-dmluQw_13-3-rgb_front,0.6700000000000017,3
19FB-dmluQw_14-3-rgb_front,0.6499999999999915,1
19FB-dmluQw_7-3-rgb_front,1.1099999999999994,4
19f_ac2f2C8_3-8-rgb_front,0.8599999999999994,3
19f_ac2f2C8_4-8-rgb_front,1.0399999999999991,3
1A25qZmkliU_20-8-rgb_front,1.190000000000012,5
1A25qZmkliU_25-8-rgb_front,0.6599999999999966,3
1AaO0RFu9j8_12-8-rgb_front,0.7800000000000011,7
1AaO0RFu9j8_13-8-rgb_front,0.75,6
1AaO0RFu9j8_14-8-rgb_front,0.30000000000000426,2
1AaO0RFu9j8_17-8-rgb_front,0.8200000000000003,4
1AaO0RFu9j8_21-8-rgb_front,0.8200000000000003,8
1AaO0RFu9j8_22-8-rgb_front,0.5400000000000063,2
1AaO0RFu9j8_23-8-rgb_front,0.6999999999999957,3
1AaO0RFu9j8_25-8-rgb_front,0.7700000000000102,3
1AaO0RFu9j8_5-8-rgb_front,1.1900000000000013,6
1B-uqjIDMKk_10-8-rgb_front,0.8999999999999986,3
1B-uqjIDMKk_11-8-rgb_front,0.990000000000002,4
1B-uqjIDMKk_9-8-rgb_front,0.9200000000000017,3
1B56XMJ-j1Q_13-8-rgb_front,0.5100000000000051,3
1BE6JW91TyM_3-8-rgb_front,0.7400000000000002,9
1BE6JW91TyM_5-8-rgb_front,0.8300000000000018,5
1BWKlgd8SfA_15-8-rgb_front,0.3299999999999983,3
1BWKlgd8SfA_8-8-rgb_front,0.6099999999999994,7
1CokUs2TOlw_11-5-rgb_front,0.8500000000000227,3
1CsY0C0R2EI_0-5-rgb_front,0.36999999999999994,4
1CsY0C0R2EI_5-5-rgb_front,0.4499999999999993,6
1D29htgrRv4_12-5-rgb_front,0.4099999999999966,4
1DFNcceDcYY_15-5-rgb_front,0.5100000000000051,10
1DFNcceDcYY_8-5-rgb_front,0.5999999999999943,3
1DGKsqNpFqs_9-5-rgb_front,0.8400000000000034,3
1DSsHgAToGY_17-5-rgb_front,1.289999999999992,6
1E70qW68aZw_13-5-rgb_front,0.5100000000000051,3
1E70qW68aZw_16-5-rgb_front,1.259999999999991,5
1E70qW68aZw_20-5-rgb_front,1.0699999999999932,2
1E70qW68aZw_3-5-rgb_front,1.259999999999998,12
1E70qW68aZw_7-5-rgb_front,0.9100000000000037,1
1E70qW68aZw_8-5-rgb_front,1.0600000000000023,3
1EEgqE9W4k8_8-3-rgb_front,0.2700000000000031,1
1EQgj8syKug_13-5-rgb_front,1.0300000000000011,3
1EV7AT_lBno_43-5-rgb_front,1.259999999999991,2
1EV7AT_lBno_7-5-rgb_front,0.75,11
1EV7AT_lBno_8-5-rgb_front,1.2999999999999972,9
1EVfV97X6iA_20-5-rgb_front,1.0300000000000011,5
1EidpMNIaJE_9-5-rgb_front,0.980000000000004,2
1El9Lb_fT68_18-5-rgb_front,0.9799999999999898,3
1F1WadkaAcI_10-5-rgb_front,0.36999999999999744,1
1F1WadkaAcI_12-5-rgb_front,0.75,1
1F1WadkaAcI_14-5-rgb_front,0.23000000000000398,1
1F1WadkaAcI_16-5-rgb_front,0.21999999999999886,1
1F1WadkaAcI_18-5-rgb_front,0.20000000000000284,1
1F1WadkaAcI_20-5-rgb_front,0.1799999999999926,1
1F1WadkaAcI_21-5-rgb_front,1.1599999999999966,6
1F1WadkaAcI_22-5-rgb_front,0.7099999999999937,1
1F1WadkaAcI_7-5-rgb_front,0.5500000000000043,4
1F1WadkaAcI_8-5-rgb_front,0.39000000000000057,1
1FAMcCdWsZM_3-5-rgb_front,1.0600000000000005,4
1FStJdud1lQ_20-5-rgb_front,1.289999999999992,7
1FStJdud1lQ_22-5-rgb_front,0.9199999999999875,4
1GjvLelvNE0_31-5-rgb_front,0.5799999999999841,10
1GlHmFJA0LQ_25-8-rgb_front,0.5900000000000034,3
1GyeOHDF49k_0-5-rgb_front,0.29000000000000004,1
1HVI7U22egg_15-5-rgb_front,1.230000000000004,3
1HVI7U22egg_17-5-rgb_front,1.0799999999999983,3
1HVI7U22egg_2-5-rgb_front,1.2299999999999986,5
1I6c2InPr0A_10-5-rgb_front,0.5499999999999972,2
1I6c2InPr0A_14-5-rgb_front,1.2900000000000063,8
1I6c2InPr0A_4-5-rgb_front,0.7100000000000009,4
1IHiA_6XXrI_13-5-rgb_front,0.6100000000000136,5
1IHiA_6XXrI_20-5-rgb_front,0.5999999999999943,2
1IHiA_6XXrI_22-5-rgb_front,0.1699999999999875,1
1IHiA_6XXrI_25-5-rgb_front,0.75,3
1IRHEhx1lBs_13-5-rgb_front,0.30999999999998806,1
1IRHEhx1lBs_14-5-rgb_front,0.3299999999999983,1
1IRHEhx1lBs_15-5-rgb_front,0.1599999999999966,1
1IRHEhx1lBs_16-5-rgb_front,1.0699999999999932,4
1IRHEhx1lBs_17-5-rgb_front,0.36999999999999034,1
1IRHEhx1lBs_18-5-rgb_front,0.3400000000000034,1
1IRHEhx1lBs_20-5-rgb_front,0.45999999999999375,1
1IRHEhx1lBs_22-5-rgb_front,0.5699999999999932,1
1IRHEhx1lBs_23-5-rgb_front,1.0100000000000051,9
1IRHEhx1lBs_24-5-rgb_front,0.45999999999999375,1
1IRHEhx1lBs_25-5-rgb_front,0.39000000000000057,3
1IRHEhx1lBs_26-5-rgb_front,0.22999999999998977,1
1IRHEhx1lBs_27-5-rgb_front,0.4200000000000017,1
1IRHEhx1lBs_28-5-rgb_front,0.6599999999999966,2
1IRHEhx1lBs_29-5-rgb_front,0.45999999999999375,1
1IRHEhx1lBs_30-5-rgb_front,0.5799999999999983,1
1IRHEhx1lBs_31-5-rgb_front,0.2799999999999869,1
1IRHEhx1lBs_32-5-rgb_front,0.519999999999996,1
1IRHEhx1lBs_33-5-rgb_front,0.3400000000000034,1
1IRJXMx85Rg_1-5-rgb_front,0.8399999999999999,3
1IRrpQJQvI4_5-5-rgb_front,0.46999999999999886,4
1Ibh1eWsoug_3-5-rgb_front,1.0299999999999994,7
1KTyhaoXjBE_6-5-rgb_front,0.990000000000002,6
1KWcAgqPvEw_0-5-rgb_front,0.31000000000000005,1
1KXI9v9nwz4_9-5-rgb_front,0.5300000000000011,1
1LgVgklOYCQ_19-5-rgb_front,0.8999999999999915,2
1LjH--6h_rk_13-5-rgb_front,0.8100000000000023,1
1NdnCBn6-F4_0-3-rgb_front,0.31999999999999995,1
1NsGTF3dlIo_13-8-rgb_front,1.0700000000000003,4
1NsGTF3dlIo_14-8-rgb_front,1.0599999999999952,6
1NsGTF3dlIo_16-8-rgb_front,1.2299999999999969,4
1NsGTF3dlIo_21-8-rgb_front,1.1600000000000108,2
1NuRoCJdJM4_2-8-rgb_front,1.0899999999999999,3
1Ot-mwXOTuQ_11-8-rgb_front,1.029999999999987,2
1Ot-mwXOTuQ_5-8-rgb_front,0.8599999999999994,4
1P0oKY4FNyI_0-8-rgb_front,0.11000000000000004,1
1P0oKY4FNyI_12-8-rgb_front,0.8400000000000034,1
1P6n7Tv8oco_15-8-rgb_front,0.9299999999999926,5
1PD7HXermBM_10-8-rgb_front,0.5999999999999943,3
1PhHBWErK9Q_17-8-rgb_front,0.46999999999999886,4
1PhHBWErK9Q_18-8-rgb_front,0.6099999999999994,3
1PhHBWErK9Q_4-8-rgb_front,0.9200000000000017,6
1PhHBWErK9Q_5-8-rgb_front,1.120000000000001,8
1PwvyT44-uE_19-8-rgb_front,0.25,1
1PyZfKulLtI_7-8-rgb_front,1.1700000000000017,5
1Q1BxWGurrA_15-8-rgb_front,0.8199999999999932,2
1Q2BYTlbdiE_0-8-rgb_front,0.21999999999999997,1
1Q2BYTlbdiE_16-8-rgb_front,0.240000000000002,1
1Q2BYTlbdiE_18-8-rgb_front,1.25,4
1Q2BYTlbdiE_2-8-rgb_front,1.1600000000000001,5
1Q2BYTlbdiE_21-8-rgb_front,0.4099999999999966,1
1Q2BYTlbdiE_22-8-rgb_front,1.25,8
1Q2BYTlbdiE_26-8-rgb_front,0.730000000000004,2
1Q7oQwL6QaQ_13-8-rgb_front,0.7999999999999972,4
1Q7oQwL6QaQ_3-8-rgb_front,0.9200000000000017,5
1QBezkHsXd4_8-8-rgb_front,0.9500000000000028,4
1QBezkHsXd4_9-8-rgb_front,0.8699999999999974,3
1QT8l93Llx8_12-5-rgb_front,1.289999999999992,6
1QcVn72JzLw_2-5-rgb_front,1.0899999999999999,5
1QeMNh_DAqo_37-5-rgb_front,0.75,10
1Qz0SIXS3no_14-5-rgb_front,1.0600000000000023,4
1Qz0SIXS3no_20-5-rgb_front,0.710000000000008,3
1Qz0SIXS3no_26-5-rgb_front,0.7599999999999909,4
1Qz0SIXS3no_29-5-rgb_front,0.45000000000001705,3
1Qz0SIXS3no_9-5-rgb_front,0.21999999999999886,1
1RKbOiQngXo_7-5-rgb_front,0.269999999999996,16
1RKltss46fg_16-5-rgb_front,1.0,7
1RKltss46fg_18-5-rgb_front,0.6299999999999955,3
1RgGCJ0hw6k_11-5-rgb_front,0.28999999999999915,1
1RgGCJ0hw6k_14-5-rgb_front,1.1099999999999994,1
1RvUSobtOfk_2-5-rgb_front,1.1199999999999974,4
1RxYvOvKHkU_13-5-rgb_front,0.18000000000000682,5
1RxYvOvKHkU_3-5-rgb_front,0.8999999999999986,3
1RxYvOvKHkU_4-5-rgb_front,1.129999999999999,3
1SMnc4uRVLo_9-5-rgb_front,0.2600000000000051,5
1SozYg3ZXKM_10-5-rgb_front,0.3499999999999943,2
1SozYg3ZXKM_12-5-rgb_front,0.5999999999999943,2
1SozYg3ZXKM_8-5-rgb_front,0.3199999999999932,2
1T7lJGCShG0_14-5-rgb_front,0.8199999999999932,9
1TU3WpD2Oj0_5-5-rgb_front,1.1000000000000014,2
1Tix6cnQko4_13-5-rgb_front,0.3400000000000034,1
1TulVSuotyY_13-5-rgb_front,0.8400000000000034,3
1TulVSuotyY_14-5-rgb_front,0.8499999999999943,3
1TulVSuotyY_15-5-rgb_front,1.230000000000004,6
1TulVSuotyY_17-5-rgb_front,1.1200000000000045,5
1Ty3qyrcp-I_24-5-rgb_front,0.4099999999999966,1
1TymrHMv7nE_13-5-rgb_front,0.6200000000000045,1
1UAQ4pUqRwo_11-3-rgb_front,0.980000000000004,4
1UB3Hyum1m4_14-5-rgb_front,1.1800000000000068,4
1UB3Hyum1m4_4-5-rgb_front,1.1299999999999955,5
1UE7-4mORi0_11-5-rgb_front,0.8799999999999955,7
1UG52nvLLVA_13-5-rgb_front,1.1800000000000068,4
1UG52nvLLVA_14-5-rgb_front,0.8700000000000045,2
1UG52nvLLVA_18-5-rgb_front,0.4100000000000108,1
1UG52nvLLVA_25-5-rgb_front,1.2000000000000028,3
1UG52nvLLVA_26-5-rgb_front,0.5999999999999943,8
1UG52nvLLVA_29-5-rgb_front,1.0999999999999943,1
1UhvxT9ri7U_7-5-rgb_front,0.21000000000000085,1
1UvJ0mvrOPw_13-5-rgb_front,1.1599999999999966,5
1UvxqsvKq3o_12-5-rgb_front,1.2600000000000051,3
1VHODMDPRbo_5-5-rgb_front,0.9599999999999973,3
1VQZlvupNgo_0-5-rgb_front,0.19999999999999996,1
1VQZlvupNgo_2-5-rgb_front,0.29999999999999893,1
1Vofqi_ZdaU_0-5-rgb_front,0.17,1
1Vofqi_ZdaU_6-5-rgb_front,1.2299999999999898,4
1Vq_uqeckF8_14-8-rgb_front,0.8900000000000006,5
1Vq_uqeckF8_18-8-rgb_front,0.45000000000000284,1
1Vq_uqeckF8_2-8-rgb_front,0.79,7
1Vq_uqeckF8_26-8-rgb_front,0.5900000000000034,1
1Vq_uqeckF8_3-8-rgb_front,0.27000000000000046,1
1Vq_uqeckF8_4-8-rgb_front,1.2200000000000006,6
1W4YokNwUtY_12-5-rgb_front,0.8499999999999943,1
1W4YokNwUtY_13-5-rgb_front,0.789999999999992,1
1W4YokNwUtY_14-5-rgb_front,1.0300000000000011,1
1WGejpkD8ns_6-5-rgb_front,0.2600000000000051,1
1WUTV5ttnjg_0-5-rgb_front,0.54,1
1XVcFJ97QQs_7-8-rgb_front,1.1299999999999955,7
1XoT1-gzWfg_0-8-rgb_front,0.17000000000000004,2
1XoT1-gzWfg_11-8-rgb_front,1.2199999999999989,6
1XoT1-gzWfg_13-8-rgb_front,1.2299999999999898,4
1XoT1-gzWfg_16-8-rgb_front,1.210000000000008,6
1XoT1-gzWfg_17-8-rgb_front,1.2099999999999937,3
1XoT1-gzWfg_24-8-rgb_front,1.0799999999999983,4
1YR0GF3vd4w_1-8-rgb_front,1.17,3
1YR0GF3vd4w_6-8-rgb_front,1.0599999999999987,4
1YR0GF3vd4w_7-8-rgb_front,0.9100000000000001,4
1YnA7Iv3oJ8_14-8-rgb_front,0.7999999999999972,10
1YnA7Iv3oJ8_15-8-rgb_front,0.6099999999999994,14
1YnA7Iv3oJ8_17-8-rgb_front,0.9299999999999926,3
1Yp-xuljnDM_13-8-rgb_front,1.2100000000000009,4
1Yp-xuljnDM_15-8-rgb_front,0.9100000000000037,2
1Yp-xuljnDM_17-8-rgb_front,0.7800000000000011,2
1Yp-xuljnDM_18-8-rgb_front,0.4200000000000017,1
1Yp-xuljnDM_21-8-rgb_front,0.4399999999999977,3
1Yp-xuljnDM_22-8-rgb_front,0.6299999999999955,2
1Yp-xuljnDM_24-8-rgb_front,0.519999999999996,1
1Yp-xuljnDM_9-8-rgb_front,0.6000000000000014,5
1ZWGv-_yKrU_2-8-rgb_front,0.9299999999999997,4
1ZWGv-_yKrU_3-8-rgb_front,1.0399999999999991,6
1ZwEJcdFUSM_13-8-rgb_front,0.19000000000001194,1
1ZwEJcdFUSM_4-8-rgb_front,0.8099999999999987,12
1ZwEJcdFUSM_8-8-rgb_front,0.28000000000000114,1
1_N0Aq04tRA_15-8-rgb_front,0.9600000000000009,7
1_N0Aq04tRA_16-8-rgb_front,0.8900000000000006,2
1_N0Aq04tRA_17-8-rgb_front,0.17999999999999972,1
1_N0Aq04tRA_18-8-rgb_front,0.4799999999999969,8
1_N0Aq04tRA_19-8-rgb_front,1.0600000000000023,5
1_N0Aq04tRA_3-8-rgb_front,0.9800000000000004,6
1_N0Aq04tRA_6-8-rgb_front,0.6799999999999997,5
1_j3bP8UnZg_0-8-rgb_front,0.26,1
1_udNnVFDp4_11-8-rgb_front,1.0599999999999952,5
1_udNnVFDp4_13-8-rgb_front,0.6099999999999994,3
1_udNnVFDp4_14-8-rgb_front,0.6899999999999977,2
1_udNnVFDp4_17-8-rgb_front,0.9799999999999969,2
1_udNnVFDp4_18-8-rgb_front,0.5399999999999991,2
1_udNnVFDp4_19-8-rgb_front,0.8699999999999974,3
1_udNnVFDp4_22-8-rgb_front,1.1099999999999994,4
1_udNnVFDp4_23-8-rgb_front,0.9299999999999926,3
1_udNnVFDp4_5-8-rgb_front,0.620000000000001,9
1_udNnVFDp4_6-8-rgb_front,0.620000000000001,3
1_udNnVFDp4_8-8-rgb_front,0.6400000000000006,2
1aRNY8wFqa0_11-8-rgb_front,0.7700000000000031,4
1aRNY8wFqa0_12-8-rgb_front,1.1899999999999977,3
1avHo4qZ86Q_15-8-rgb_front,0.4899999999999949,16
1avHo4qZ86Q_4-8-rgb_front,0.509999999999998,3
1b3UpS1gD2k_11-8-rgb_front,0.8599999999999994,3
1b3UpS1gD2k_14-8-rgb_front,1.2600000000000051,3
1bq4LWVsU-8_21-8-rgb_front,0.9399999999999977,7
1bq4LWVsU-8_3-8-rgb_front,1.049999999999999,6
1bq4LWVsU-8_6-8-rgb_front,1.0600000000000023,5
1byDxD7DePI_0-8-rgb_front,0.65,3
1bziHM2QeX8_2-8-rgb_front,1.1900000000000004,5
1cDoGd8wPfw_1-5-rgb_front,0.5700000000000003,7
1cDoGd8wPfw_20-5-rgb_front,0.30999999999998806,6
1cDoGd8wPfw_21-5-rgb_front,0.2600000000000051,6
1cDoGd8wPfw_22-5-rgb_front,0.28000000000000114,6
1cNZVa2285k_0-8-rgb_front,1.27,4
1cNZVa2285k_12-8-rgb_front,0.7099999999999937,4
1cSjZ5kNZw8_1-8-rgb_front,0.33000000000000007,4
1cSjZ5kNZw8_16-8-rgb_front,1.2899999999999991,4
1cSjZ5kNZw8_17-8-rgb_front,0.529999999999994,2
1cSjZ5kNZw8_2-8-rgb_front,0.6399999999999997,2
1cSjZ5kNZw8_22-8-rgb_front,1.0600000000000023,3
1cSjZ5kNZw8_23-8-rgb_front,1.0300000000000011,4
1cSjZ5kNZw8_6-8-rgb_front,0.4499999999999993,5
1cZcma6WzEg_14-8-rgb_front,1.1600000000000037,6
1cZcma6WzEg_18-8-rgb_front,0.5400000000000063,2
1cZcma6WzEg_19-8-rgb_front,1.0899999999999892,4
1cZcma6WzEg_8-8-rgb_front,1.0799999999999983,5
1cZcma6WzEg_9-8-rgb_front,0.970000000000006,4
1cj15Is-Wjs_11-8-rgb_front,0.37000000000000455,1
1cp9sjT_1Tc_10-8-rgb_front,0.509999999999998,3
1cp9sjT_1Tc_5-8-rgb_front,0.3500000000000014,9
1d1uWUUHJZQ_0-3-rgb_front,0.44999999999999996,1
1d3UApdR58M_12-8-rgb_front,0.44999999999999574,1
1d3UApdR58M_14-8-rgb_front,1.1999999999999957,3
1d3UApdR58M_15-8-rgb_front,1.0699999999999932,2
1d3UApdR58M_23-8-rgb_front,0.7199999999999989,2
1d3UApdR58M_26-8-rgb_front,0.5600000000000023,1
1d3UApdR58M_27-8-rgb_front,0.6200000000000045,3
1d3UApdR58M_33-8-rgb_front,0.8200000000000074,3
1d3UApdR58M_7-8-rgb_front,0.6699999999999982,2
1dCbeG4mwVk_18-8-rgb_front,0.4800000000000182,4
1dCbeG4mwVk_19-8-rgb_front,0.6699999999999875,2
1dFd3NYkINQ_0-8-rgb_front,0.46,4
1dFd3NYkINQ_12-8-rgb_front,1.0799999999999983,10
1dLchY8R6tU_13-8-rgb_front,1.0900000000000034,5
1dd1IikJ-mU_2-8-rgb_front,0.8699999999999992,4
1dd1IikJ-mU_5-8-rgb_front,0.17999999999999972,1
1dpRaxOTfZs_0-8-rgb_front,0.15999999999999992,1
1dpRaxOTfZs_6-8-rgb_front,1.1099999999999994,11
1eA1cI1yI7w_19-8-rgb_front,0.6900000000000119,4
1eA1cI1yI7w_20-8-rgb_front,0.7800000000000011,5
1eA1cI1yI7w_22-8-rgb_front,1.2000000000000028,6
1eCzLIfdH2o_4-8-rgb_front,0.8400000000000034,10
1ei1kVTw23A_1-8-rgb_front,1.08,5
1ei1kVTw23A_10-8-rgb_front,0.269999999999996,1
1ei1kVTw23A_17-8-rgb_front,0.519999999999996,2
1ei1kVTw23A_18-8-rgb_front,0.1599999999999966,1
1ei1kVTw23A_20-8-rgb_front,0.8900000000000006,4
1ei1kVTw23A_21-8-rgb_front,0.21000000000000796,2
1ei1kVTw23A_24-8-rgb_front,0.4800000000000182,2
1ei1kVTw23A_26-8-rgb_front,0.9699999999999989,4
1ei1kVTw23A_29-8-rgb_front,0.12000000000000455,2
1ei1kVTw23A_7-8-rgb_front,0.23000000000000398,5
1f6MTI3qidQ_13-8-rgb_front,0.8400000000000034,7
1f6MTI3qidQ_14-8-rgb_front,0.9399999999999977,6
1f6MTI3qidQ_35-8-rgb_front,0.5300000000000011,6
1f6MTI3qidQ_36-8-rgb_front,0.37000000000000455,12
1fZfM65z0zk_13-8-rgb_front,0.769999999999996,6
1fZfM65z0zk_8-8-rgb_front,0.9299999999999997,2
1fdMM1LuAsY_15-8-rgb_front,0.2600000000000051,1
1furuv5lJ4Q_0-8-rgb_front,0.29000000000000004,1
1g93sGtZViI_9-8-rgb_front,1.1700000000000017,5
1gDezSEPi_o_11-8-rgb_front,0.7299999999999969,3
1gDezSEPi_o_15-8-rgb_front,0.46999999999999886,1
1gDezSEPi_o_16-8-rgb_front,0.5300000000000011,1
1gDezSEPi_o_9-8-rgb_front,0.5399999999999991,1
1gTkFzIRzYk_15-8-rgb_front,1.0900000000000034,8
1gTkFzIRzYk_8-8-rgb_front,0.5900000000000034,8
1gWf0iJUvyg_14-8-rgb_front,1.210000000000008,3
1gWf0iJUvyg_7-8-rgb_front,0.8800000000000026,3
1gWf0iJUvyg_8-8-rgb_front,0.21000000000000085,6
1gWf0iJUvyg_9-8-rgb_front,0.35999999999999943,6
1gXWDKek85Y_10-8-rgb_front,0.8100000000000023,3
1gXWDKek85Y_12-8-rgb_front,1.0700000000000003,7
1gXWDKek85Y_13-8-rgb_front,1.1899999999999977,6
1gXWDKek85Y_2-8-rgb_front,1.2400000000000002,4
1gXWDKek85Y_24-8-rgb_front,0.8699999999999903,3
1gXWDKek85Y_30-8-rgb_front,0.8700000000000045,4
1gXWDKek85Y_32-8-rgb_front,0.1599999999999966,4
1gXWDKek85Y_33-8-rgb_front,1.1500000000000057,5
1gXWDKek85Y_34-8-rgb_front,0.1700000000000017,1
1gXWDKek85Y_36-8-rgb_front,1.039999999999992,7
1gXWDKek85Y_41-8-rgb_front,0.5900000000000034,2
1gXWDKek85Y_42-8-rgb_front,0.9299999999999926,3
1gXWDKek85Y_43-8-rgb_front,1.25,7
1gXWDKek85Y_44-8-rgb_front,0.37999999999999545,1
1ghvkzsMgbM_4-8-rgb_front,1.0299999999999976,2
1gjp23WV368_4-8-rgb_front,0.9600000000000009,5
1gqVLt2Z-DY_10-8-rgb_front,0.5999999999999943,3
1gqVLt2Z-DY_11-8-rgb_front,0.6699999999999946,3
1gqVLt2Z-DY_12-8-rgb_front,1.1199999999999974,3
1gqVLt2Z-DY_7-8-rgb_front,1.0300000000000011,3
1gqVLt2Z-DY_8-8-rgb_front,1.1099999999999994,3
1gqVLt2Z-DY_9-8-rgb_front,0.22999999999999687,3
1gycdY2pcYc_6-11-rgb_front,0.3100000000000023,1
1gzlYGPQ9Zs_4-8-rgb_front,0.41000000000000014,1
1i3DinytEDE_3-8-rgb_front,1.1999999999999993,4
1iNZfYho0yc_10-11-rgb_front,1.2099999999999937,3
1iNZfYho0yc_11-11-rgb_front,1.1700000000000017,3
1iNZfYho0yc_12-11-rgb_front,1.230000000000004,3
1iNZfYho0yc_2-11-rgb_front,1.2200000000000024,3
1iNZfYho0yc_6-11-rgb_front,0.8400000000000034,3
1iNZfYho0yc_8-11-rgb_front,0.7600000000000051,4
1iQ5DtFbgT4_8-8-rgb_front,1.1400000000000006,9
1ib_NnOrt6A_12-8-rgb_front,0.6800000000000068,8
1ikV8IVFpBw_3-8-rgb_front,0.40000000000000213,4
1imaK8eDk5Q_0-8-rgb_front,1.0499999999999998,4
1in4niLBTxc_0-8-rgb_front,0.31999999999999995,1
1in4niLBTxc_11-8-rgb_front,1.019999999999996,4
1jREUW8hcAY_9-8-rgb_front,1.1400000000000006,8
1jWbf4jhzGA_1-8-rgb_front,0.34999999999999964,1
1jeK8PkhsR4_26-8-rgb_front,0.47999999999998977,1
1jeK8PkhsR4_8-8-rgb_front,0.35999999999999943,1
1jx2aBn_2_U_16-8-rgb_front,0.3299999999999983,3
1jx2aBn_2_U_17-8-rgb_front,1.1400000000000006,8
1jx2aBn_2_U_30-8-rgb_front,0.9000000000000057,5
1jzQa7PnItU_9-3-rgb_front,1.2999999999999972,9
1kMcBHJ2IPM_13-8-rgb_front,0.39000000000000057,1
1kMcBHJ2IPM_18-8-rgb_front,1.1400000000000148,4
1kMcBHJ2IPM_20-8-rgb_front,0.8499999999999943,6
1kMcBHJ2IPM_8-8-rgb_front,1.2800000000000011,8
1l6MC-9BQa0_0-5-rgb_front,0.21999999999999997,1
1l6MC-9BQa0_22-5-rgb_front,0.5099999999999909,4
1lCah99RqJg_11-8-rgb_front,0.47999999999998977,1
1lCah99RqJg_14-8-rgb_front,0.8400000000000034,1
1lCah99RqJg_18-8-rgb_front,0.7099999999999937,1
1lEWHTj1gi0_15-8-rgb_front,0.6899999999999977,2
1lEWHTj1gi0_8-8-rgb_front,1.1900000000000048,6
1lR7MGvcZ_U_7-8-rgb_front,1.2600000000000051,3
1lSZAzOSNGs_14-8-rgb_front,0.23000000000000398,6
1lSZAzOSNGs_19-8-rgb_front,1.1299999999999955,5
1lSZAzOSNGs_22-8-rgb_front,0.5,9
1lbhXfsU8DU_2-8-rgb_front,1.1199999999999992,3
1lbhXfsU8DU_7-8-rgb_front,0.8099999999999952,3
1ljAz5cBwjQ_10-1-rgb_front,1.2100000000000009,4
1ljAz5cBwjQ_14-1-rgb_front,1.1499999999999915,6
1ljAz5cBwjQ_17-1-rgb_front,0.9300000000000068,4
1ljAz5cBwjQ_21-1-rgb_front,1.1799999999999926,4
1lmKfz4AyeQ_1-8-rgb_front,0.7699999999999996,9
1lmKfz4AyeQ_12-8-rgb_front,0.8300000000000054,3
1lmKfz4AyeQ_16-8-rgb_front,1.2199999999999989,3
1lmKfz4AyeQ_4-8-rgb_front,0.639999999999997,7
1lmKfz4AyeQ_6-8-rgb_front,0.9199999999999982,3
1lmWJvzyngE_10-8-rgb_front,1.1000000000000014,7
1lmWJvzyngE_9-8-rgb_front,0.5399999999999991,2
1m26k_CAHlQ_0-8-rgb_front,0.3800000000000008,1
1m26k_CAHlQ_2-8-rgb_front,0.9299999999999997,5
1mR-3aBnMFo_10-8-rgb_front,1.019999999999996,4
1mTkXsCyPhU_13-8-rgb_front,1.1400000000000006,3
1mTkXsCyPhU_16-8-rgb_front,0.4299999999999926,7
1mTkXsCyPhU_17-8-rgb_front,0.3299999999999983,7
1mTkXsCyPhU_4-8-rgb_front,1.0899999999999999,6
1mTkXsCyPhU_6-8-rgb_front,0.9899999999999984,10
1m_A7gr1174_14-8-rgb_front,0.8799999999999955,47
1m_A7gr1174_15-8-rgb_front,0.6299999999999955,21
1m_A7gr1174_16-8-rgb_front,0.5300000000000011,5
1m_A7gr1174_17-8-rgb_front,0.5300000000000011,21
1mcmnmxg64U_19-8-rgb_front,1.0100000000000051,5
1mcmnmxg64U_20-8-rgb_front,1.2399999999999949,7
1mcmnmxg64U_22-8-rgb_front,0.5,1
1mcmnmxg64U_23-8-rgb_front,0.6300000000000097,4
1mcmnmxg64U_3-8-rgb_front,1.0999999999999996,11
1mcmnmxg64U_5-8-rgb_front,0.8000000000000007,5
1mdMz4RkRdA_11-8-rgb_front,0.490000000000002,2
1mdMz4RkRdA_3-8-rgb_front,1.0600000000000005,4
1mrUTikYY-c_16-11-rgb_front,0.5700000000000003,4
1mrUTikYY-c_17-11-rgb_front,0.36999999999999744,1
1mrUTikYY-c_9-11-rgb_front,1.1200000000000045,5
1nAiestkr0Q_0-11-rgb_front,0.71,2
1nAiestkr0Q_11-11-rgb_front,0.6300000000000026,3
1nX2jOEHvmQ_15-11-rgb_front,0.8599999999999994,8
1nX2jOEHvmQ_16-11-rgb_front,0.46999999999999176,4
1nX2jOEHvmQ_7-11-rgb_front,0.6799999999999997,4
1oN5GdoCO44_1-8-rgb_front,0.75,3
1oN5GdoCO44_14-8-rgb_front,1.009999999999998,3
1oN5GdoCO44_5-8-rgb_front,0.6400000000000006,2
1oUPuXTsifY_13-8-rgb_front,0.18999999999999773,2
1olaFIqQ10A_12-8-rgb_front,1.0499999999999972,8
1olaFIqQ10A_14-8-rgb_front,1.259999999999991,5
1ovWfK_k3-Q_1-8-rgb_front,1.1600000000000006,5
1oys0KyRSS0_19-8-rgb_front,1.0499999999999972,6
1pPAkrfqnHg_0-8-rgb_front,0.42000000000000004,5
1pPAkrfqnHg_17-8-rgb_front,0.9900000000000091,6
1pPAkrfqnHg_24-8-rgb_front,0.7699999999999818,3
1pPAkrfqnHg_28-8-rgb_front,1.2700000000000102,3
1pS3OghYuaA_4-8-rgb_front,1.230000000000004,13
1pS3OghYuaA_5-8-rgb_front,0.6899999999999977,8
1pWVfHd-Nwc_3-8-rgb_front,0.9499999999999993,4
1ptbP5xTIdw_12-8-rgb_front,0.710000000000008,4
1pycas4XL9U_8-11-rgb_front,1.240000000000009,4
1qBxhsvMUps_2-8-rgb_front,1.120000000000001,7
1qBxhsvMUps_6-8-rgb_front,1.2899999999999991,2
1qMpH_7FL68_16-8-rgb_front,1.2000000000000028,7
1qMpH_7FL68_2-8-rgb_front,0.7400000000000002,4
1qMpH_7FL68_4-8-rgb_front,1.2300000000000004,5
1qMpH_7FL68_8-8-rgb_front,0.7199999999999989,1
1qMpH_7FL68_9-8-rgb_front,1.240000000000002,6
1qQEz4pbQkM_12-11-rgb_front,0.6500000000000057,5
1qksnbHvJLY_6-8-rgb_front,0.6000000000000014,1
1qksnbHvJLY_7-8-rgb_front,0.9600000000000009,4
1qksnbHvJLY_8-8-rgb_front,0.9100000000000037,5
1qs5yIhihMo_4-8-rgb_front,1.1699999999999982,6
1r9BuA9JwsY_5-11-rgb_front,1.2199999999999989,6
1r9BuA9JwsY_8-11-rgb_front,0.37999999999999545,3
1rR7qTEfD-4_6-8-rgb_front,0.6200000000000045,1
1rc77BaY7jg_11-8-rgb_front,1.2700000000000031,4
1rs4i373I7w_0-8-rgb_front,0.33999999999999997,1
1rtpRuLChqk_15-8-rgb_front,1.2999999999999972,6
1rtpRuLChqk_3-8-rgb_front,0.45000000000000107,4
1rtpRuLChqk_5-8-rgb_front,0.370000000000001,1
1s3sDViHORA_22-8-rgb_front,0.9900000000000091,6
1s3sDViHORA_24-8-rgb_front,1.0500000000000114,5
1s3sDViHORA_6-8-rgb_front,1.2399999999999984,7
1s5gc78drOE_10-8-rgb_front,0.21000000000000085,1
1s5gc78drOE_16-8-rgb_front,0.20000000000000284,1
1s5gc78drOE_7-8-rgb_front,0.3999999999999986,1
1s5gc78drOE_8-8-rgb_front,0.9299999999999997,9
1s5gc78drOE_9-8-rgb_front,0.6000000000000014,7
1spCnuBmWYk_0-8-rgb_front,0.36000000000000004,1
1th1WRwLP30_0-8-rgb_front,0.4,1
1th1WRwLP30_1-8-rgb_front,0.9199999999999999,5
1udh8eAH5Es_0-8-rgb_front,0.23000000000000004,1
1udh8eAH5Es_5-8-rgb_front,1.0600000000000023,4
1wefeqn5EMk_20-8-rgb_front,1.089999999999975,10
1xKU91ggLeI_2-5-rgb_front,1.0700000000000003,3
1yEMYc7n3dU_18-8-rgb_front,0.4200000000000017,1
1ypYKgSPHkA_8-8-rgb_front,1.1000000000000014,14
1yq7yP8Dda8_11-8-rgb_front,0.37999999999999545,10
1yq7yP8Dda8_14-8-rgb_front,1.210000000000008,3
1yq7yP8Dda8_15-8-rgb_front,1.1899999999999977,11
1yq7yP8Dda8_8-8-rgb_front,1.1799999999999997,5
1zAgxIlYtwM_5-8-rgb_front,0.5900000000000034,1
1zQf384LX3M_21-8-rgb_front,0.8700000000000045,3
1zRg1-tq9Uc_9-8-rgb_front,1.0399999999999991,7
2-5R15AFLs8_16-8-rgb_front,1.25,1
2-8SiQSW9oU_11-8-rgb_front,1.0500000000000043,3
2-JvO5SCsCc_7-8-rgb_front,1.1199999999999974,5
2-cWDidthtI_2-8-rgb_front,0.9299999999999997,4
2-vXO7MMLJc_0-5-rgb_front,0.1200000000000001,1
2-zlrJXlOGA_11-8-rgb_front,0.37000000000000455,1
204pffNcQbc_5-8-rgb_front,0.7200000000000024,5
20ooSJixdyg_30-8-rgb_front,0.6199999999999903,6
20ooSJixdyg_31-8-rgb_front,0.9899999999999949,1
20ooSJixdyg_5-8-rgb_front,0.7400000000000002,4
20ooSJixdyg_6-8-rgb_front,0.20000000000000284,1
20ooSJixdyg_9-8-rgb_front,0.9600000000000009,9
20qFsdFD3io_0-8-rgb_front,0.5700000000000001,4
20qFsdFD3io_26-8-rgb_front,1.009999999999991,7
20qFsdFD3io_27-8-rgb_front,0.45999999999999375,4
20qFsdFD3io_38-8-rgb_front,0.3300000000000125,3
20qFsdFD3io_39-8-rgb_front,0.45000000000001705,4
20qFsdFD3io_6-8-rgb_front,1.1300000000000026,7
20qFsdFD3io_8-8-rgb_front,0.28999999999999915,8
20xez8y80RI_6-8-rgb_front,1.2800000000000011,10
2188lTsFIV8_11-8-rgb_front,0.7199999999999989,5
21PbS6wnHtY_0-5-rgb_front,0.12,1
21qQL15lUNY_2-5-rgb_front,0.8900000000000006,4
22OyLDVZI6c_5-5-rgb_front,0.8400000000000034,11
22ULOqFXTdI_9-5-rgb_front,1.2199999999999989,5
22qgKXLM0j4_9-5-rgb_front,1.259999999999998,7
23GbjIU50qw_13-8-rgb_front,0.9600000000000009,13
23GbjIU50qw_24-8-rgb_front,0.5900000000000034,1
23GbjIU50qw_28-8-rgb_front,1.1400000000000006,3
23GbjIU50qw_8-8-rgb_front,0.4399999999999977,2
23_A6ME-alA_10-5-rgb_front,1.0799999999999983,4
23_A6ME-alA_11-5-rgb_front,1.0500000000000043,4
23_A6ME-alA_5-5-rgb_front,1.2399999999999984,13
23_A6ME-alA_7-5-rgb_front,0.8299999999999983,3
23_A6ME-alA_8-5-rgb_front,0.44000000000000483,3
23h1jHxDBFc_6-5-rgb_front,0.9100000000000108,4
23ln0Sw_8Qo_9-5-rgb_front,1.1099999999999994,4
23zpxZzNL-Q_12-5-rgb_front,0.8900000000000006,2
23zpxZzNL-Q_5-5-rgb_front,1.2600000000000016,2
24-nCYk2bRk_10-5-rgb_front,0.8099999999999739,8
24-ujdkcwaE_7-5-rgb_front,0.9099999999999966,3
26xrVZcNWpM_0-3-rgb_front,0.17000000000000004,1
2A_JTXsVmVc_13-8-rgb_front,0.6499999999999915,2
2A_JTXsVmVc_21-8-rgb_front,1.0600000000000023,3
2A_JTXsVmVc_26-8-rgb_front,1.1500000000000057,1
2Avq_ST7qPU_13-5-rgb_front,0.5899999999999892,4
2Avq_ST7qPU_2-5-rgb_front,0.3699999999999992,1
2Az2H4I1v2I_13-1-rgb_front,0.7999999999999972,5
2Az2H4I1v2I_14-1-rgb_front,1.0900000000000034,11
2Az2H4I1v2I_16-1-rgb_front,1.2600000000000051,13
2Az2H4I1v2I_17-1-rgb_front,0.7900000000000063,19
2Az2H4I1v2I_6-1-rgb_front,0.8800000000000026,18
2FgG0QARPuc_18-8-rgb_front,1.230000000000004,5
2FgG0QARPuc_21-8-rgb_front,1.2399999999999949,9
2G29ijsPVXI_20-5-rgb_front,0.5200000000000102,1
2Jm303dE1T8_2-3-rgb_front,1.299999999999999,3
2LmjgQZmc64_10-8-rgb_front,1.259999999999998,1
2LmjgQZmc64_8-8-rgb_front,1.2100000000000009,3
2Z3CpALUO9o_10-8-rgb_front,1.1899999999999977,6
2Z3CpALUO9o_19-8-rgb_front,1.1099999999999994,3
2Z3CpALUO9o_2-8-rgb_front,0.8399999999999999,4
2Z3CpALUO9o_35-8-rgb_front,1.1499999999999915,4
2Z3CpALUO9o_39-8-rgb_front,0.960000000000008,4
2Z3CpALUO9o_4-8-rgb_front,0.8900000000000006,3
2Z3CpALUO9o_43-8-rgb_front,1.1800000000000068,4
2Z3CpALUO9o_6-8-rgb_front,0.6600000000000001,2
2ZOSvpNBx5M_2-3-rgb_front,0.010000000000005116,7
2_kMUAuFTXU_16-3-rgb_front,1.1299999999999955,3
2_kMUAuFTXU_5-3-rgb_front,0.5200000000000031,6
2_kMUAuFTXU_7-3-rgb_front,0.6999999999999993,8
2ckGjVDGnYE_13-8-rgb_front,0.980000000000004,5
2fTOklTjdMM_2-1-rgb_front,0.6000000000000014,10
2i72vxkUJAs_5-5-rgb_front,1.2700000000000031,3
2iFx_uR3GBQ_4-1-rgb_front,0.3500000000000014,1
2iFx_uR3GBQ_5-1-rgb_front,1.0,11
2kOoZjewAkY_12-8-rgb_front,0.7600000000000051,1
2kOoZjewAkY_8-8-rgb_front,1.0200000000000031,6
2l9_6UKlhmM_19-8-rgb_front,1.0300000000000011,2
2l9_6UKlhmM_7-8-rgb_front,0.9599999999999937,6
2nNj-H5maS0_10-5-rgb_front,0.9899999999999807,16
2nNj-H5maS0_11-5-rgb_front,0.6299999999999955,12
2nOClTVZ-0w_0-8-rgb_front,0.26000000000000023,2
2oIjI5k0n44_12-5-rgb_front,0.6499999999999986,3
2oIjI5k0n44_13-5-rgb_front,0.480000000000004,1
2oIjI5k0n44_9-5-rgb_front,0.759999999999998,1
2oU9Ea0gGsA_1-8-rgb_front,1.2599999999999998,4
2oU9Ea0gGsA_9-8-rgb_front,1.2199999999999989,4
2q5qGVs_7Wo_13-8-rgb_front,0.6700000000000017,4
2q5qGVs_7Wo_9-8-rgb_front,0.759999999999998,4
2qYc4PAW72o_7-8-rgb_front,0.1600000000000037,1
2qYc4PAW72o_8-8-rgb_front,0.8599999999999994,4
2qYc4PAW72o_9-8-rgb_front,0.4200000000000017,1
2t0bY_rE108_19-8-rgb_front,0.5799999999999983,9
2t0bY_rE108_30-8-rgb_front,1.009999999999991,9
2t9guhwLcqQ_7-5-rgb_front,1.1400000000000006,2
2uM9Vdo_uLQ_1-8-rgb_front,0.6900000000000004,2
2uM9Vdo_uLQ_13-8-rgb_front,0.46999999999999886,6
2uM9Vdo_uLQ_16-8-rgb_front,0.4300000000000068,1
2uM9Vdo_uLQ_17-8-rgb_front,0.8699999999999974,7
2ufkA0BzGSY_0-8-rgb_front,0.20999999999999996,1
2zPzFyZkZF0_15-5-rgb_front,1.1799999999999926,5
3-fARE8grc0_14-8-rgb_front,0.6200000000000045,3
3-fARE8grc0_15-8-rgb_front,1.1099999999999994,7
3-fARE8grc0_16-8-rgb_front,0.6700000000000017,3
3-fARE8grc0_17-8-rgb_front,0.28000000000000114,7
3-fARE8grc0_19-8-rgb_front,0.6799999999999997,3
3-fARE8grc0_20-8-rgb_front,0.8599999999999994,2
3-fARE8grc0_21-8-rgb_front,0.5499999999999972,3
3-fARE8grc0_22-8-rgb_front,0.5399999999999991,2
3-fARE8grc0_25-8-rgb_front,0.7900000000000063,3
3-fARE8grc0_8-8-rgb_front,0.8800000000000026,6
3-fARE8grc0_9-8-rgb_front,1.1600000000000037,5
305bKBYRZfk_22-8-rgb_front,0.6399999999999864,2
3AZ3qDTv1BM_6-5-rgb_front,1.269999999999996,3
3Aq_KJZR-2w_11-5-rgb_front,0.259999999999998,1
3Aq_KJZR-2w_13-5-rgb_front,0.4199999999999946,1
3Aq_KJZR-2w_17-5-rgb_front,0.3200000000000074,1
3Aq_KJZR-2w_3-5-rgb_front,0.3300000000000054,8
3Aq_KJZR-2w_4-5-rgb_front,0.4299999999999997,1
3Aq_KJZR-2w_6-5-rgb_front,0.3099999999999987,1
3Aq_KJZR-2w_8-5-rgb_front,0.22999999999999687,1
3BMKbpgned0_13-3-rgb_front,0.519999999999996,4
3CrOUbBvRkQ_20-5-rgb_front,0.5300000000000011,1
3Dna82kryPY_6-8-rgb_front,0.8100000000000023,17
3FJsNfuPILA_0-8-rgb_front,0.41000000000000014,1
3FJsNfuPILA_16-8-rgb_front,0.8299999999999983,3
3FJsNfuPILA_25-8-rgb_front,0.7600000000000051,3
3FJsNfuPILA_8-8-rgb_front,0.9200000000000017,1
3GKsjSStbaE_5-5-rgb_front,0.7800000000000011,3
3GKsjSStbaE_8-5-rgb_front,0.5399999999999991,3
3GKsjSStbaE_8-8-rgb_front,1.1499999999999986,3
3GgkyZLNZkA_8-2-rgb_front,1.1099999999999994,2
3JIZryXZ-AA_2-8-rgb_front,0.5600000000000005,2
3LtXtL6PX0Q_0-5-rgb_front,0.3400000000000001,1
3LtXtL6PX0Q_21-5-rgb_front,0.7800000000000011,2
3MXwlCKtSPU_14-5-rgb_front,0.259999999999998,1
3MXwlCKtSPU_21-5-rgb_front,0.8199999999999932,4
3MXwlCKtSPU_22-5-rgb_front,1.1300000000000097,2
3MXwlCKtSPU_7-5-rgb_front,0.8599999999999994,4
3NFVQAQDGXE_0-5-rgb_front,0.30000000000000004,1
3NFVQAQDGXE_0-8-rgb_front,0.3699999999999999,1
3RqJnxOWNyM_17-8-rgb_front,1.0999999999999943,4
3RqJnxOWNyM_23-8-rgb_front,0.3199999999999932,3
3S3CGwIQgVk_6-5-rgb_front,1.0800000000000054,5
3Sd2KRf-Fvo_15-5-rgb_front,0.6800000000000068,1
3Sd2KRf-Fvo_8-5-rgb_front,0.3400000000000034,1
3TmrgNyRYqw_13-5-rgb_front,0.9699999999999989,6
3Uu9_GGILmc_19-5-rgb_front,0.5700000000000074,1
3Uu9_GGILmc_19-8-rgb_front,0.5200000000000102,1
3WEwTZHf8kI_32-5-rgb_front,0.710000000000008,3
3WEwTZHf8kI_36-5-rgb_front,0.9699999999999989,4
3WEwTZHf8kI_4-5-rgb_front,0.9700000000000024,2
3bw1RCf2ZrY_0-3-rgb_front,0.43,3
3daeOlNR8_A_16-5-rgb_front,1.1699999999999875,2
3daeOlNR8_A_27-5-rgb_front,1.1200000000000045,3
3daeOlNR8_A_32-5-rgb_front,0.4300000000000068,13
3daeOlNR8_A_33-5-rgb_front,0.10999999999998522,18
3epphBG88cE_30-5-rgb_front,0.2300000000000182,1
3oSvyY2f4ZQ_20-5-rgb_front,0.9000000000000057,4
3rW6wKS5nTU_10-5-rgb_front,1.2999999999999972,4
3tyfxL2wO-M_0-8-rgb_front,0.15999999999999992,1
3uRgOnJbEkI_15-8-rgb_front,1.0899999999999892,5
3uRgOnJbEkI_7-8-rgb_front,0.9399999999999977,4
3yeunpfsN_Q_11-3-rgb_front,0.9699999999999989,3
3yeunpfsN_Q_15-3-rgb_front,1.2900000000000063,3
3yeunpfsN_Q_16-3-rgb_front,1.0600000000000023,4
3yeunpfsN_Q_5-3-rgb_front,1.1799999999999997,4
4-Jt6C_aKpc_0-5-rgb_front,0.38,1
4-iAIeV2Hsk_6-3-rgb_front,0.8699999999999974,9
40dTE31p5uA_0-5-rgb_front,0.3,3
43zfrZ1Zh2w_12-8-rgb_front,0.7099999999999937,24
46UzcCnmGPk_1-3-rgb_front,1.120000000000001,5
46UzcCnmGPk_15-3-rgb_front,1.039999999999992,2
46UzcCnmGPk_2-3-rgb_front,0.33999999999999986,3
46UzcCnmGPk_3-3-rgb_front,0.6999999999999993,6
46WKIipNJt8_11-8-rgb_front,1.0999999999999943,5
476vh2-HlV0_0-5-rgb_front,0.27,1
476vh2-HlV0_0-8-rgb_front,0.25,1
476vh2-HlV0_4-8-rgb_front,1.2699999999999996,6
477ZE29Y6eU_12-8-rgb_front,1.1799999999999926,8
47DGHJiOzPQ_0-5-rgb_front,0.1399999999999999,1
47DGHJiOzPQ_10-5-rgb_front,0.9200000000000017,2
47HHNulBaX0_8-5-rgb_front,1.1700000000000017,8
47oJoR2BC34_11-8-rgb_front,1.240000000000009,4
48DncKS_yN0_13-8-rgb_front,0.37999999999999545,1
48DncKS_yN0_18-8-rgb_front,0.519999999999996,1
48DncKS_yN0_21-8-rgb_front,0.5699999999999932,1
48DncKS_yN0_28-8-rgb_front,0.5299999999999869,2
48DncKS_yN0_29-8-rgb_front,0.25,1
48DncKS_yN0_31-8-rgb_front,1.1100000000000136,5
48QmLVn7fqQ_0-8-rgb_front,0.8,2
49P4e1DLm6w_13-8-rgb_front,1.1600000000000037,4
49P4e1DLm6w_15-5-rgb_front,1.289999999999992,4
49P4e1DLm6w_2-5-rgb_front,0.4900000000000002,1
49P4e1DLm6w_2-8-rgb_front,0.6300000000000008,1
49P4e1DLm6w_21-5-rgb_front,1.259999999999991,3
49P4e1DLm6w_21-8-rgb_front,1.1099999999999994,3
49P4e1DLm6w_7-5-rgb_front,0.620000000000001,3
4ChFh4LdxVg_0-8-rgb_front,0.3500000000000001,1
4EFBr4Oe2ZE_0-8-rgb_front,0.26,1
4Fvc5MU1V0k_7-5-rgb_front,1.269999999999996,5
4K_f93M-BrA_9-8-rgb_front,1.1699999999999946,16
4MXwmQ7Ht6E_14-8-rgb_front,0.2700000000000031,4
4MXwmQ7Ht6E_16-8-rgb_front,1.0499999999999972,7
4MXwmQ7Ht6E_17-8-rgb_front,0.730000000000004,2
4MXwmQ7Ht6E_22-8-rgb_front,1.0300000000000011,6
4MXwmQ7Ht6E_26-8-rgb_front,1.2199999999999989,4
4MXwmQ7Ht6E_27-8-rgb_front,0.7999999999999972,5
4Mi3E9RcS_o_3-8-rgb_front,0.9499999999999993,3
4PE3myd8L3Q_0-5-rgb_front,0.39999999999999997,1
4PE3myd8L3Q_1-5-rgb_front,0.88,3
4RbZmUDyjGc_10-5-rgb_front,1.1400000000000006,7
4XAeTaoXAa0_5-5-rgb_front,0.8299999999999983,6
4YRehZfsLDY_13-5-rgb_front,0.7099999999999937,8
4YRehZfsLDY_22-5-rgb_front,1.2299999999999898,4
55bITHs7Kyc_0-3-rgb_front,0.23999999999999977,1
55iR3RXwuTA_12-8-rgb_front,0.7999999999999972,10
57_1T6O51TQ_7-8-rgb_front,0.9799999999999969,4
57bbRJn0xec_17-1-rgb_front,1.0600000000000023,2
57bbRJn0xec_20-1-rgb_front,0.5300000000000011,1
57bbRJn0xec_23-1-rgb_front,0.5599999999999881,2
5CGdJ5Cuv5M_14-8-rgb_front,0.8700000000000045,11
5CGdJ5Cuv5M_3-8-rgb_front,0.9399999999999995,5
5CGdJ5Cuv5M_4-8-rgb_front,1.0500000000000007,6
5GF2D_lAus4_0-8-rgb_front,0.28,1
5GF2D_lAus4_21-8-rgb_front,1.2199999999999989,5
5GHCXLNcgUQ_13-5-rgb_front,0.6199999999999903,4
5GHCXLNcgUQ_2-5-rgb_front,1.2100000000000009,4
5L334OJnp7w_0-5-rgb_front,0.22,1
5Lh23UUvx2M_0-8-rgb_front,0.9900000000000001,4
5Lh23UUvx2M_13-8-rgb_front,0.8600000000000065,6
5Lh23UUvx2M_7-8-rgb_front,1.0500000000000007,18
5Oq-F-EC_pU_6-8-rgb_front,1.0600000000000023,5
5SFfLkf65EY_17-5-rgb_front,1.019999999999996,1
5T4P9SM0_ck_26-5-rgb_front,0.1700000000000017,1
5T4P9SM0_ck_31-5-rgb_front,1.2299999999999898,4
5T4P9SM0_ck_32-5-rgb_front,1.0400000000000063,3
5T4P9SM0_ck_33-5-rgb_front,0.23000000000000398,1
5T4P9SM0_ck_5-5-rgb_front,0.1700000000000017,1
5TIHwgy4F1s_0-3-rgb_front,0.25,2
5TIHwgy4F1s_8-3-rgb_front,0.8399999999999963,1
5UsVsSkd3JY_2-3-rgb_front,0.9000000000000021,5
5VseAeFbfgI_0-8-rgb_front,0.1399999999999999,1
5VseAeFbfgI_17-8-rgb_front,0.9599999999999937,14
5VseAeFbfgI_23-8-rgb_front,1.1400000000000148,4
5VseAeFbfgI_8-8-rgb_front,1.2800000000000011,3
5XSD1NAFaxA_12-8-rgb_front,1.0,5
5YMC8pMGeTA_14-8-rgb_front,0.6099999999999994,1
5YMC8pMGeTA_15-8-rgb_front,0.45999999999999375,1
5YMC8pMGeTA_18-8-rgb_front,0.45999999999999375,1
5YMC8pMGeTA_19-8-rgb_front,1.2299999999999969,4
5YMC8pMGeTA_23-8-rgb_front,0.6599999999999966,1
5YMC8pMGeTA_5-8-rgb_front,0.28999999999999915,1
5agwuoxNssM_20-5-rgb_front,0.960000000000008,9
5dodEz2r56M_0-8-rgb_front,0.25,1
5dodEz2r56M_16-8-rgb_front,1.0600000000000023,2
5dodEz2r56M_3-8-rgb_front,1.08,2
5dodEz2r56M_4-8-rgb_front,0.9300000000000015,5
5dqnMgr62_w_10-8-rgb_front,1.259999999999998,6
5dqnMgr62_w_13-8-rgb_front,0.8400000000000034,7
5dqnMgr62_w_16-8-rgb_front,0.23000000000000398,2
5dqnMgr62_w_4-8-rgb_front,0.8000000000000007,6
5dqnMgr62_w_8-8-rgb_front,0.9200000000000017,4
5jTzjzuPJ88_1-3-rgb_front,1.0100000000000016,6
5jTzjzuPJ88_11-3-rgb_front,1.1200000000000045,5
5jTzjzuPJ88_12-3-rgb_front,0.6500000000000057,2
5ok8y3eheq8_18-1-rgb_front,0.35999999999999943,5
5sFOPW5LyA4_16-8-rgb_front,0.6999999999999957,8
5sFOPW5LyA4_22-8-rgb_front,0.9200000000000017,7
5sFOPW5LyA4_9-8-rgb_front,0.6400000000000006,5
5uS1lEos3KI_11-8-rgb_front,1.0600000000000023,5
5uS1lEos3KI_15-8-rgb_front,0.8800000000000097,3
5uS1lEos3KI_20-8-rgb_front,0.9300000000000068,12
5vl23AL3mpY_10-8-rgb_front,0.2099999999999973,1
5vl23AL3mpY_18-8-rgb_front,1.0700000000000003,3
5vl23AL3mpY_19-8-rgb_front,1.1100000000000065,3
5vl23AL3mpY_20-8-rgb_front,0.8000000000000043,2
5vl23AL3mpY_25-8-rgb_front,0.21000000000000085,2
5vl23AL3mpY_3-8-rgb_front,0.35999999999999943,3
5vl23AL3mpY_4-8-rgb_front,0.20000000000000107,1
5vl23AL3mpY_6-8-rgb_front,0.5800000000000018,4
5vl23AL3mpY_7-8-rgb_front,0.3200000000000003,1
5vl23AL3mpY_8-8-rgb_front,1.0899999999999999,3
5wj8qq7-SSs_18-8-rgb_front,0.9099999999999966,2
5wmHJ2neRQQ_13-5-rgb_front,0.9400000000000119,18
5wuZyWxHXD0_10-8-rgb_front,1.2800000000000011,5
5wuZyWxHXD0_6-8-rgb_front,0.379999999999999,1
5wuZyWxHXD0_8-8-rgb_front,0.40000000000000213,2
5xJEFXSwAvE_8-8-rgb_front,0.45000000000000284,4
5z6E_azb1Dg_16-3-rgb_front,0.8900000000000006,4
5z6E_azb1Dg_20-3-rgb_front,0.5,2
5z6E_azb1Dg_3-3-rgb_front,0.9299999999999997,4
5z6E_azb1Dg_4-3-rgb_front,0.4399999999999995,1
5z6E_azb1Dg_5-3-rgb_front,0.5600000000000005,3
BJ8iJ9ps2NY_0-8-rgb_front,0.25,1
BJIygZtYwXM_4-3-rgb_front,0.75,3
BJIygZtYwXM_9-3-rgb_front,0.6000000000000014,3
BJebuYFoRis_10-8-rgb_front,1.2800000000000011,8
BJebuYFoRis_14-8-rgb_front,1.0300000000000011,5
BJebuYFoRis_21-8-rgb_front,0.6299999999999955,4
BJebuYFoRis_3-8-rgb_front,1.2100000000000009,4
BOAuIAm-p_A_18-8-rgb_front,1.0699999999999932,15
BOBpYTUfuzs_0-8-rgb_front,0.24000000000000005,1
BOBpYTUfuzs_10-8-rgb_front,1.0700000000000003,12
BOBpYTUfuzs_6-8-rgb_front,0.990000000000002,5
BQGyl8K8KZE_11-8-rgb_front,1.1899999999999977,4
BQGyl8K8KZE_9-8-rgb_front,1.220000000000006,3
BQoH1leUUlk_8-5-rgb_front,0.740000000000002,2
BQoH1leUUlk_9-5-rgb_front,0.35999999999999943,1
BRBt1zOfZnc_0-3-rgb_front,0.8299999999999998,1
BRBt1zOfZnc_4-3-rgb_front,1.0100000000000016,3
BRa6-tUUd0E_0-8-rgb_front,0.35,1
BT6nLJAINgo_14-8-rgb_front,0.6400000000000006,4
BT6nLJAINgo_19-8-rgb_front,0.5699999999999932,2
BT6nLJAINgo_22-8-rgb_front,0.8599999999999994,4
BVgS_-Tnhvk_6-5-rgb_front,0.8500000000000014,1
BXa-8t_3mHs_0-8-rgb_front,0.58,2
BXa-8t_3mHs_18-8-rgb_front,0.30999999999998806,1
B_e7YfBqy_s_14-5-rgb_front,1.0100000000000051,4
B_tPIrQM91w_2-8-rgb_front,1.25,6
B_tPIrQM91w_4-8-rgb_front,1.1999999999999993,6
B_ye00IgI4w_15-5-rgb_front,0.4300000000000068,2
BbBdxWO88-I_28-8-rgb_front,1.2900000000000063,5
BbBdxWO88-I_29-8-rgb_front,0.3499999999999943,3
BbBdxWO88-I_33-8-rgb_front,1.1999999999999886,10
BbM3wYI7H8U_19-8-rgb_front,0.7800000000000011,3
BbM3wYI7H8U_2-8-rgb_front,0.8300000000000001,4
BbM3wYI7H8U_20-8-rgb_front,1.0,6
BbM3wYI7H8U_21-8-rgb_front,0.7199999999999989,4
BbM3wYI7H8U_4-8-rgb_front,1.0,7
BbM3wYI7H8U_6-8-rgb_front,1.1900000000000013,6
BbM3wYI7H8U_7-8-rgb_front,0.7200000000000024,6
Bbd7ZBJK9xc_10-8-rgb_front,0.8900000000000006,2
Bbd7ZBJK9xc_3-8-rgb_front,0.7100000000000009,3
BdMNUzr3wy4_3-11-rgb_front,0.6899999999999977,1
BdMNUzr3wy4_4-11-rgb_front,0.740000000000002,1
BgBlryfScI0_0-5-rgb_front,0.32000000000000006,1
BiBFHSdmhrM_14-5-rgb_front,0.8900000000000006,3
BlhCuryvt88_28-8-rgb_front,1.259999999999991,5
BlhCuryvt88_37-8-rgb_front,0.5899999999999892,4
Bnm6QaAj6Qo_5-3-rgb_front,0.7700000000000031,8
BoBx1pDyFog_46-8-rgb_front,0.4200000000000159,1
BoBx1pDyFog_47-8-rgb_front,1.0400000000000205,6
BoBx1pDyFog_48-8-rgb_front,0.25,1
BoBx1pDyFog_8-8-rgb_front,0.30999999999999517,1
BpYDl3AO4B8_0-1-rgb_front,0.13999999999999999,1
BrinTPjveZY_7-3-rgb_front,0.990000000000002,11
C-i06Ssh0l8_0-8-rgb_front,0.9599999999999997,4
C225XSGIOXQ_10-1-rgb_front,1.289999999999992,4
C225XSGIOXQ_10-2-rgb_front,1.2900000000000063,4
C225XSGIOXQ_11-1-rgb_front,1.1700000000000017,3
C225XSGIOXQ_11-2-rgb_front,1.1699999999999875,3
C225XSGIOXQ_12-2-rgb_front,0.6500000000000057,1
C3W-CV8OHZ4_3-3-rgb_front,1.0300000000000011,6
C6xUOMqgRxw_14-8-rgb_front,1.1800000000000068,5
C7IMvM4BwI8_1-8-rgb_front,0.8799999999999999,2
C7IMvM4BwI8_20-8-rgb_front,0.8599999999999994,4
C9TWqHwLWcg_0-8-rgb_front,0.31000000000000005,1
C9TWqHwLWcg_10-8-rgb_front,0.8599999999999994,6
CE23zzfUBDw_30-5-rgb_front,1.0699999999999932,9
CE23zzfUBDw_45-5-rgb_front,1.240000000000009,3
CE23zzfUBDw_49-5-rgb_front,1.240000000000009,5
CH7AviIr0-0_0-8-rgb_front,0.13,1
CJ8RyW9pzKU_15-8-rgb_front,0.3299999999999983,1
CJ8RyW9pzKU_18-8-rgb_front,0.28999999999999915,1
CJ8RyW9pzKU_20-8-rgb_front,0.480000000000004,1
CJ8RyW9pzKU_21-8-rgb_front,1.1500000000000057,3
CJ8RyW9pzKU_22-8-rgb_front,0.29000000000000625,1
CJ8RyW9pzKU_4-8-rgb_front,0.40000000000000213,1
CJ8RyW9pzKU_6-8-rgb_front,0.10999999999999943,1
CJ8RyW9pzKU_9-8-rgb_front,0.21999999999999886,1
CQ4IY7EdxMQ_0-3-rgb_front,0.31,1
CR-YuYN2oxA_0-5-rgb_front,0.18000000000000005,1
CTERDLghzFw_1-8-rgb_front,1.25,4
CWIsQEHuVZ4_10-3-rgb_front,1.2199999999999989,5
CWIsQEHuVZ4_9-3-rgb_front,0.4300000000000068,1
CXf8I9XN144_8-3-rgb_front,0.9500000000000028,4
CXf8I9XN144_9-3-rgb_front,1.230000000000004,4
CdaX8MDsJkc_0-5-rgb_front,0.31999999999999995,1
CdaX8MDsJkc_12-5-rgb_front,0.8399999999999963,5
CdaX8MDsJkc_14-5-rgb_front,0.6500000000000057,1
CdaX8MDsJkc_9-5-rgb_front,0.5500000000000043,1
CeKujp1wr9o_0-5-rgb_front,0.35999999999999993,1
CerG8JKzDIE_4-8-rgb_front,0.8200000000000003,4
CgyzNU5IMtQ_0-4-rgb_front,1.1099999999999999,4
Ch6nqZwWgbw_18-5-rgb_front,0.9199999999999875,2
Ch6nqZwWgbw_21-5-rgb_front,0.950000000000017,1
ChTrqV8j3Fk_0-8-rgb_front,0.35000000000000053,1
Ci8otvMiZJU_0-5-rgb_front,0.31999999999999995,1
Ci8otvMiZJU_1-5-rgb_front,0.4099999999999999,2
CiSoUHVR7UM_3-8-rgb_front,0.75,5
CiSoUHVR7UM_6-8-rgb_front,1.2900000000000027,5
Ck9byvklv-M_14-3-rgb_front,1.2800000000000011,19
Ck9byvklv-M_2-3-rgb_front,1.0500000000000007,4
CmFW0P_9Tmw_7-8-rgb_front,0.5499999999999972,2
CsdpA_b5P8Q_12-5-rgb_front,0.9699999999999989,2
Ctli0zlqLxk_7-3-rgb_front,0.8200000000000003,17
Cu1rDgWOZ9w_14-8-rgb_front,0.39000000000000057,1
Cu1rDgWOZ9w_15-8-rgb_front,0.8400000000000034,6
Cu1rDgWOZ9w_2-8-rgb_front,0.13999999999999968,1
Cu1rDgWOZ9w_6-8-rgb_front,0.4299999999999997,1
CuqR-BVLU9k_15-8-rgb_front,1.2999999999999972,9
CuqR-BVLU9k_16-8-rgb_front,1.269999999999996,7
CuqR-BVLU9k_7-8-rgb_front,1.2300000000000004,3
CuqR-BVLU9k_8-8-rgb_front,1.1099999999999994,7
CxT4a1Gtkjo_14-1-rgb_front,1.25,7
CxT4a1Gtkjo_16-1-rgb_front,0.30999999999998806,1
CyLfNgMZmc0_14-8-rgb_front,0.6600000000000108,3
CylhtiqMiTc_3-8-rgb_front,1.1099999999999994,3
CylhtiqMiTc_4-8-rgb_front,1.129999999999999,3
CylhtiqMiTc_5-8-rgb_front,1.0899999999999999,3
D0T7ho08Q3o_1-2-rgb_front,0.20999999999999996,5
D0T7ho08Q3o_10-2-rgb_front,1.0600000000000023,2
D0T7ho08Q3o_12-2-rgb_front,0.9499999999999993,1
D0T7ho08Q3o_16-2-rgb_front,0.1700000000000017,1
D0T7ho08Q3o_18-2-rgb_front,1.1200000000000045,3
D0T7ho08Q3o_19-2-rgb_front,1.259999999999998,2
D0T7ho08Q3o_25-2-rgb_front,0.10999999999999943,1
D0T7ho08Q3o_7-2-rgb_front,1.0500000000000007,3
D1KcyG3ZgdM_11-8-rgb_front,0.9799999999999969,8
D1KcyG3ZgdM_8-8-rgb_front,1.2999999999999972,7
D1oFZIWbw_0_6-8-rgb_front,0.5,4
D9OtAUV9AJY_9-8-rgb_front,1.2700000000000031,5
D9gCaLiAB4c_0-11-rgb_front,0.8700000000000001,6
D9gCaLiAB4c_14-11-rgb_front,1.1099999999999994,4
D9kXrUDRKu8_9-5-rgb_front,1.0100000000000051,3
DBDddxX-CJA_16-8-rgb_front,1.210000000000008,6
DBJPKwp0ERI_14-8-rgb_front,1.0699999999999932,11
DDbXcFzIXH4_5-8-rgb_front,1.2699999999999996,4
DE8YkWRpvYA_0-5-rgb_front,0.52,1
DEDHBxYIDwY_3-3-rgb_front,0.27000000000000046,1
DEDHBxYIDwY_4-3-rgb_front,0.6800000000000006,2
DFS78Sd76ek_10-4-rgb_front,0.7800000000000011,10
DFS78Sd76ek_7-4-rgb_front,0.7199999999999989,5
DFS78Sd76ek_9-4-rgb_front,0.6700000000000017,7
DOUfX5-ExYc_13-3-rgb_front,1.1200000000000045,3
DPBciYELWjg_5-5-rgb_front,1.2299999999999969,3
DPSMwzmmouw_10-8-rgb_front,1.1199999999999974,2
DPSMwzmmouw_11-8-rgb_front,0.509999999999998,1
DPSMwzmmouw_14-8-rgb_front,1.289999999999992,12
DPSMwzmmouw_2-8-rgb_front,0.8800000000000026,8
DPSMwzmmouw_3-8-rgb_front,1.1199999999999974,6
DQ-FXTeLKs8_3-5-rgb_front,0.5700000000000003,1
DQ9eIUHjxIo_3-8-rgb_front,1.2800000000000011,9
DQudsojO17s_13-8-rgb_front,0.6799999999999997,2
DQudsojO17s_14-8-rgb_front,0.7700000000000031,3
DQudsojO17s_15-8-rgb_front,0.980000000000004,2
DQudsojO17s_17-8-rgb_front,0.8599999999999994,1
DQudsojO17s_18-8-rgb_front,0.730000000000004,2
DQudsojO17s_23-8-rgb_front,0.480000000000004,1
DQudsojO17s_5-8-rgb_front,0.8300000000000018,11
DSVW7Ak0qQw_5-5-rgb_front,1.1599999999999966,9
DWkPtTMVx7w_0-8-rgb_front,1.23,3
DWvKuuJhmos_11-8-rgb_front,0.6700000000000017,1
DWvKuuJhmos_13-8-rgb_front,0.5200000000000102,1
DWvKuuJhmos_17-8-rgb_front,0.8200000000000074,1
DWvKuuJhmos_23-8-rgb_front,1.1500000000000057,5
DWvKuuJhmos_8-8-rgb_front,0.8100000000000023,1
D_w6T4nO-KA_0-8-rgb_front,1.13,9
Db5SUQvNsHc_13-1-rgb_front,0.7099999999999937,5
Db5SUQvNsHc_16-1-rgb_front,0.9099999999999966,5
Db5SUQvNsHc_18-1-rgb_front,0.14000000000000057,1
Db5SUQvNsHc_4-1-rgb_front,0.5599999999999987,15
Db5SUQvNsHc_5-1-rgb_front,0.9199999999999982,7
Dg2DjTVCGww_7-4-rgb_front,0.3299999999999983,1
Dg2DjTVCGww_9-4-rgb_front,0.7899999999999991,6
DhN9zRgCbBU_11-5-rgb_front,0.480000000000004,3
DhN9zRgCbBU_12-5-rgb_front,0.8599999999999994,2
DhN9zRgCbBU_16-5-rgb_front,1.1999999999999957,3
DhN9zRgCbBU_18-5-rgb_front,0.30999999999998806,2
DhN9zRgCbBU_26-5-rgb_front,0.7599999999999909,2
DhN9zRgCbBU_6-5-rgb_front,1.240000000000002,2
DmM1wHOWDyA_13-5-rgb_front,0.7999999999999972,3
DpzyzJvORMg_18-3-rgb_front,1.1599999999999966,4
DsbLRAdnEHM_2-5-rgb_front,0.9900000000000002,4
DtJh6Hwgu8M_0-8-rgb_front,0.9600000000000001,5
DvKS20WKiX4_15-8-rgb_front,1.2800000000000011,9
DvKS20WKiX4_17-8-rgb_front,0.8500000000000014,3
Dvq-Fc0-Lxk_5-5-rgb_front,0.8699999999999974,3
DwB2ujCHykM_12-5-rgb_front,0.6899999999999977,2
DwB2ujCHykM_4-5-rgb_front,0.28000000000000114,1
DxFIaxNaCZI_17-8-rgb_front,0.990000000000002,9
DxFIaxNaCZI_20-8-rgb_front,1.0700000000000074,5
DxFIaxNaCZI_23-8-rgb_front,1.019999999999996,4
DxFIaxNaCZI_26-8-rgb_front,1.2099999999999937,3
DxFIaxNaCZI_5-8-rgb_front,1.2199999999999989,10
DxFIaxNaCZI_6-8-rgb_front,1.1499999999999986,3
DxHtXNKvCDA_0-5-rgb_front,0.5999999999999999,1
Dy0raZ2UbmU_1-8-rgb_front,0.71,2
Dy0raZ2UbmU_12-8-rgb_front,0.21999999999999886,1
Dy0raZ2UbmU_15-8-rgb_front,0.8700000000000045,3
Dy0raZ2UbmU_19-8-rgb_front,0.18000000000000682,1
Dy0raZ2UbmU_4-8-rgb_front,1.259999999999998,4
Dy0raZ2UbmU_5-8-rgb_front,0.4800000000000004,1
Dy0raZ2UbmU_6-8-rgb_front,1.2199999999999989,4
E-YP10G7QdI_11-3-rgb_front,0.9299999999999926,8
E-zi5MLGq_U_12-8-rgb_front,0.45999999999999375,1
E-zi5MLGq_U_13-8-rgb_front,1.0400000000000063,4
E-zi5MLGq_U_14-8-rgb_front,0.9399999999999977,2
E3r2mQix7Uo_6-5-rgb_front,0.9299999999999997,2
E3r2mQix7Uo_7-5-rgb_front,0.4200000000000017,1
E4dMO7t5pBI_0-8-rgb_front,1.06,4
E6Cnf4SEZc0_19-8-rgb_front,0.8599999999999994,4
E9l9MijxduM_10-5-rgb_front,1.1999999999999957,6
E9l9MijxduM_2-5-rgb_front,0.8099999999999987,22
EBc1o6yZcoQ_4-5-rgb_front,1.25,7
EBmoqACA2tE_0-8-rgb_front,0.33,1
ED008VqMDJU_0-3-rgb_front,0.53,1
ED008VqMDJU_5-3-rgb_front,0.9800000000000004,1
ED008VqMDJU_9-3-rgb_front,1.240000000000002,8
EDwjk7W45lo_10-8-rgb_front,1.2700000000000031,6
EDwjk7W45lo_12-8-rgb_front,1.1799999999999997,2
EDwjk7W45lo_3-8-rgb_front,1.290000000000001,6
EF4dlnqkJ3w_10-8-rgb_front,0.13000000000000256,1
EF4dlnqkJ3w_22-8-rgb_front,0.27999999999999403,1
EF4dlnqkJ3w_29-8-rgb_front,1.230000000000004,4
EF4dlnqkJ3w_30-8-rgb_front,1.259999999999991,5
EF4dlnqkJ3w_31-8-rgb_front,0.9399999999999977,3
EF4dlnqkJ3w_34-8-rgb_front,1.2800000000000011,6
EF4dlnqkJ3w_6-8-rgb_front,0.9600000000000009,4
EF4dlnqkJ3w_8-8-rgb_front,1.0199999999999996,4
ELjAzrkPx0s_15-5-rgb_front,1.1099999999999994,3
EMi4hyW42Fs_10-5-rgb_front,0.1599999999999966,1
EN-WLnmBPjI_0-3-rgb_front,0.7599999999999999,1
EN_Lv4gfL_A_4-8-rgb_front,1.0,9
EOHrybLEPs4_0-11-rgb_front,0.24,1
EP6wVTJ7yjk_1-5-rgb_front,1.0600000000000005,3
EPayNV0Nmqk_10-5-rgb_front,1.2900000000000063,4
EPayNV0Nmqk_15-5-rgb_front,0.6200000000000045,2
EPayNV0Nmqk_25-5-rgb_front,1.2000000000000028,4
EPayNV0Nmqk_26-5-rgb_front,1.1099999999999994,4
EPayNV0Nmqk_9-5-rgb_front,1.1299999999999955,5
EQEjh8_dXSk_2-3-rgb_front,1.0099999999999998,4
EQEjh8_dXSk_9-3-rgb_front,1.1799999999999997,9
ERpBK4lEjfI_11-8-rgb_front,0.5200000000000031,4
ERpBK4lEjfI_26-8-rgb_front,1.2299999999999898,8
ERpBK4lEjfI_27-8-rgb_front,0.3100000000000023,1
ERpBK4lEjfI_29-8-rgb_front,1.0,2
ERpBK4lEjfI_30-8-rgb_front,0.9099999999999966,1
ERpBK4lEjfI_33-8-rgb_front,0.5200000000000102,1
EVXMvKdabuc_10-1-rgb_front,1.0500000000000043,6
EVXMvKdabuc_30-1-rgb_front,0.6800000000000068,4
EWKHuFQm9GI_3-5-rgb_front,0.3500000000000014,1
EWKHuFQm9GI_5-5-rgb_front,0.44999999999999574,1
EWKHuFQm9GI_9-5-rgb_front,0.4199999999999875,1
EZdSBFrRQxM_4-4-rgb_front,0.9600000000000009,5
E_uBBA0Cdh0_2-5-rgb_front,0.7199999999999989,3
E_uBBA0Cdh0_3-5-rgb_front,1.009999999999998,2
EbGnmoS4D4U_5-8-rgb_front,0.7800000000000011,4
Ec9KthfKXXI_0-8-rgb_front,0.32,1
EdJgTx0iFeE_4-5-rgb_front,1.0700000000000003,3
EdJgTx0iFeE_40-5-rgb_front,1.2299999999999898,3
Eh697LCFjTw_0-3-rgb_front,0.12,1
EmmuWoCUgXs_21-8-rgb_front,1.1899999999999977,7
EmxarfGOKd0_14-8-rgb_front,0.9899999999999949,6
EmxarfGOKd0_5-8-rgb_front,1.1400000000000006,7
EoDKNZoD2-o_8-8-rgb_front,1.1000000000000014,7
EvS51qz56A0_14-8-rgb_front,1.269999999999996,4
EvS51qz56A0_16-8-rgb_front,1.1700000000000017,13
F-p1IdedNbg_14-8-rgb_front,1.1799999999999997,2
F-p1IdedNbg_16-8-rgb_front,1.1700000000000017,5
F-p1IdedNbg_21-8-rgb_front,1.0900000000000034,5
F-p1IdedNbg_23-8-rgb_front,0.6200000000000045,3
F-p1IdedNbg_5-8-rgb_front,0.4800000000000004,1
F0eCE9z6ENc_15-8-rgb_front,0.9099999999999966,3
F1495o0hagE_16-8-rgb_front,0.8599999999999994,3
F1495o0hagE_17-8-rgb_front,0.6700000000000017,1
F38nf-l4VmU_22-5-rgb_front,0.5499999999999972,4
F56XdIDaTVE_30-5-rgb_front,0.9899999999999949,4
F5aaCX9R5K0_13-5-rgb_front,0.20999999999999375,1
F5aaCX9R5K0_6-5-rgb_front,0.8299999999999983,2
F5zIuQnrWNc_0-5-rgb_front,1.2999999999999998,6
F5zIuQnrWNc_1-5-rgb_front,0.44999999999999973,1
FFwwrRhqSTE_4-5-rgb_front,1.2899999999999991,7
FJwlsdc-urQ_12-8-rgb_front,1.2100000000000009,3
FSEbzZjZg0A_1-5-rgb_front,0.9500000000000002,6
FSfYt1I8xq0_0-3-rgb_front,0.37,1
FStKSCmBx00_11-4-rgb_front,0.1599999999999966,1
FStKSCmBx00_13-4-rgb_front,0.17999999999999972,1
FStKSCmBx00_15-4-rgb_front,0.29999999999999716,1
FStKSCmBx00_17-4-rgb_front,0.1799999999999926,1
FStKSCmBx00_19-4-rgb_front,0.1700000000000017,1
FStKSCmBx00_4-4-rgb_front,0.240000000000002,1
FStKSCmBx00_6-4-rgb_front,0.2799999999999976,1
FStKSCmBx00_8-4-rgb_front,0.15000000000000568,1
FU_ELIq7e8E_9-4-rgb_front,1.240000000000009,17
FWi7va17oUQ_18-9-rgb_front,0.5400000000000063,3
FWi7va17oUQ_20-9-rgb_front,1.269999999999996,6
FaDSFhcBlHI_1-8-rgb_front,1.1600000000000001,4
FaTbGDrP9NI_25-8-rgb_front,0.9000000000000057,5
FaTbGDrP9NI_27-8-rgb_front,1.259999999999991,11
FadLsYNd2tk_8-5-rgb_front,1.1099999999999994,3
FcAgbLF6__s_2-5-rgb_front,1.0800000000000018,3
FcWLrY8-XWs_14-8-rgb_front,1.009999999999991,12
FcWLrY8-XWs_7-8-rgb_front,0.509999999999998,4
FnLCL8TUVJA_19-8-rgb_front,1.2900000000000063,23
FnLCL8TUVJA_20-8-rgb_front,1.0600000000000023,5
FuY84v7zanQ_21-8-rgb_front,1.289999999999992,5
_0fO5ETSwyg_1-5-rgb_front,1.1100000000000003,3
_15CDIexNDM_0-5-rgb_front,0.71,1
_15CDIexNDM_9-5-rgb_front,0.1700000000000017,1
_20g7MG8K1U_10-8-rgb_front,0.710000000000008,7
_5keJZsmTh0_0-5-rgb_front,0.4700000000000001,2
_93xgBE3NgA_2-5-rgb_front,0.030000000000001137,4
_BOJ9cYPRe4_14-8-rgb_front,0.8499999999999943,4
_BOJ9cYPRe4_16-8-rgb_front,0.7899999999999991,5
_BOJ9cYPRe4_18-8-rgb_front,1.0300000000000011,4
_BOJ9cYPRe4_22-8-rgb_front,0.6400000000000006,2
_EWaSDEvpAY_10-5-rgb_front,1.2199999999999989,6
_EWaSDEvpAY_13-5-rgb_front,1.2199999999999989,3
_EWaSDEvpAY_6-5-rgb_front,1.2700000000000031,5
_FS9zbJi8qE_0-8-rgb_front,0.42000000000000004,1
_FTTCZOoBHg_11-8-rgb_front,0.6199999999999974,6
_FTTCZOoBHg_6-8-rgb_front,1.2999999999999972,8
_ci1ieBsGVw_2-8-rgb_front,0.9599999999999991,7
_ci1ieBsGVw_5-8-rgb_front,0.8900000000000006,4
_ci1ieBsGVw_6-8-rgb_front,0.759999999999998,2
a-WMWISI12s_0-2-rgb_front,0.19,1
a-WMWISI12s_2-2-rgb_front,0.28000000000000025,1
a0te0H5ms1Y_30-9-rgb_front,0.7599999999999909,3
a0te0H5ms1Y_32-9-rgb_front,1.240000000000009,7
a3kZdrIq20o_0-8-rgb_front,0.09000000000000002,1
a4MsS36gmRE_8-3-rgb_front,1.0100000000000051,2
a5BJCnXAxWU_17-8-rgb_front,1.2199999999999989,12
a6BASjKKw1U_0-5-rgb_front,0.28,1
a6BASjKKw1U_11-5-rgb_front,0.5600000000000023,1
a6BASjKKw1U_16-5-rgb_front,1.0700000000000074,2
a6BASjKKw1U_2-5-rgb_front,1.2100000000000009,3
a6BASjKKw1U_7-5-rgb_front,0.2900000000000027,1
a6BASjKKw1U_9-5-rgb_front,0.36999999999999744,1
a8QR93muFQ0_1-8-rgb_front,0.8700000000000001,7
a8QR93muFQ0_2-8-rgb_front,0.7300000000000004,4
a9CgIaOL6WQ_9-5-rgb_front,1.1699999999999946,3
aD-Fbewpd3s_10-8-rgb_front,0.36999999999999744,1
aD-Fbewpd3s_11-8-rgb_front,0.3299999999999983,6
aD-Fbewpd3s_12-8-rgb_front,0.3999999999999986,1
aD-Fbewpd3s_13-8-rgb_front,0.3400000000000034,1
aD-Fbewpd3s_14-8-rgb_front,0.490000000000002,1
aD-Fbewpd3s_16-8-rgb_front,0.8599999999999994,1
aD-Fbewpd3s_18-8-rgb_front,0.5499999999999972,1
aD-Fbewpd3s_19-8-rgb_front,0.269999999999996,1
aD-Fbewpd3s_20-8-rgb_front,1.0100000000000051,1
aD-Fbewpd3s_21-8-rgb_front,0.6699999999999946,1
aD-Fbewpd3s_22-8-rgb_front,1.2100000000000009,1
aD-Fbewpd3s_23-8-rgb_front,0.269999999999996,1
aD-Fbewpd3s_25-8-rgb_front,0.28000000000000114,1
aD-Fbewpd3s_26-8-rgb_front,1.2899999999999991,3
aD-Fbewpd3s_3-8-rgb_front,0.7699999999999996,3
aD7Kmdiuigo_32-5-rgb_front,0.9900000000000091,4
aD7Kmdiuigo_34-5-rgb_front,0.7199999999999989,3
aD7Kmdiuigo_36-5-rgb_front,0.9499999999999886,5
aGITFRfpMJA_10-8-rgb_front,0.75,4
aGITk8jgtwQ_2-5-rgb_front,1.2300000000000022,5
aGITk8jgtwQ_3-5-rgb_front,1.0599999999999987,4
aHUC2fh-jfQ_10-8-rgb_front,1.2100000000000009,7
aI092VEhmRU_12-8-rgb_front,1.2000000000000028,5
aJpNFZd3uPw_14-5-rgb_front,0.730000000000004,2
aJpNFZd3uPw_15-5-rgb_front,0.5300000000000011,2
aJpNFZd3uPw_17-5-rgb_front,1.2900000000000063,5
aJpNFZd3uPw_18-5-rgb_front,1.2000000000000028,3
aNME-T1NzK8_7-8-rgb_front,0.6899999999999977,3
aOZYGJYBzAo_1-8-rgb_front,1.0500000000000007,3
aOZYGJYBzAo_10-8-rgb_front,1.2899999999999991,6
aOZYGJYBzAo_2-8-rgb_front,0.9299999999999997,5
aP4KTUYgjyE_13-8-rgb_front,1.1300000000000026,3
aP4KTUYgjyE_2-8-rgb_front,1.1899999999999995,10
aP4KTUYgjyE_8-8-rgb_front,1.1799999999999997,5
aPWX82zLo50_0-5-rgb_front,0.8700000000000001,2
aPWX82zLo50_1-5-rgb_front,0.9299999999999999,3
aPWX82zLo50_26-5-rgb_front,0.8200000000000074,3
aSafa3cyBuw_33-5-rgb_front,0.6000000000000227,1
aSbwWmqTOzc_1-8-rgb_front,1.0699999999999994,3
aSbwWmqTOzc_2-8-rgb_front,0.4499999999999993,1
aSbwWmqTOzc_3-8-rgb_front,0.7599999999999998,5
aSfclJczBL4_5-8-rgb_front,1.2199999999999989,10
aUBQCNegrYc_11-1-rgb_front,0.25,1
aUBQCNegrYc_13-1-rgb_front,0.12000000000000455,1
aUBQCNegrYc_15-1-rgb_front,0.45000000000000284,1
aUBQCNegrYc_5-1-rgb_front,0.17999999999999972,1
aUBQCNegrYc_7-1-rgb_front,0.30000000000000426,1
aUBQCNegrYc_9-1-rgb_front,0.6200000000000045,1
aVY3jET8UVY_6-5-rgb_front,1.0500000000000007,2
aa3nSACjDQM_27-5-rgb_front,0.960000000000008,4
ad4_GWc5XRo_10-8-rgb_front,0.16999999999999815,3
ad4_GWc5XRo_11-8-rgb_front,0.3299999999999983,3
ad4_GWc5XRo_12-8-rgb_front,1.2200000000000024,3
ad4_GWc5XRo_14-8-rgb_front,0.5599999999999987,1
ad4_GWc5XRo_17-8-rgb_front,1.2900000000000027,2
ad4_GWc5XRo_32-8-rgb_front,0.8800000000000026,3
ad4_GWc5XRo_34-8-rgb_front,0.9600000000000009,3
ad4_GWc5XRo_35-8-rgb_front,1.0,3
ad4_GWc5XRo_36-8-rgb_front,0.990000000000002,3
ad4_GWc5XRo_4-8-rgb_front,0.8399999999999999,2
ad4_GWc5XRo_5-8-rgb_front,1.2799999999999994,3
ad4_GWc5XRo_6-8-rgb_front,0.9699999999999989,3
ad4_GWc5XRo_7-8-rgb_front,0.8000000000000007,3
ad4_GWc5XRo_8-8-rgb_front,0.879999999999999,2
ad4_GWc5XRo_9-8-rgb_front,0.16000000000000014,3
aewpNjI88kw_8-5-rgb_front,0.8099999999999881,3
ah-PM4tolJ4_0-5-rgb_front,0.30000000000000004,1
ah-PM4tolJ4_13-5-rgb_front,1.1899999999999977,6
ah-PM4tolJ4_20-5-rgb_front,1.2099999999999937,5
ahki1p2lqPI_1-8-rgb_front,0.5700000000000003,5
aibMW4Xt7wA_10-4-rgb_front,0.23999999999999488,1
aibMW4Xt7wA_13-4-rgb_front,0.3200000000000074,1
aibMW4Xt7wA_3-4-rgb_front,0.360000000000003,1
aibMW4Xt7wA_7-4-rgb_front,0.4200000000000017,1
ajzZA5OKRvc_0-5-rgb_front,1.3,5
anxhVQxvPGs_28-5-rgb_front,0.5900000000000034,4
aomlhMR9PLQ_5-8-rgb_front,1.2699999999999996,7
apME2W12Uwo_12-8-rgb_front,0.7299999999999898,2
asnjOLvpsoQ_14-8-rgb_front,1.25,7
atQrRCf_Xxw_1-8-rgb_front,1.0999999999999996,4
atQrRCf_Xxw_15-8-rgb_front,1.1400000000000006,7
aty4pljzC1I_16-4-rgb_front,1.1599999999999966,13
aty4pljzC1I_4-4-rgb_front,1.2900000000000027,4
aty4pljzC1I_9-4-rgb_front,0.5399999999999991,5
axMUhvgrWrs_0-8-rgb_front,0.13999999999999996,1
aygp09D7Z_w_18-5-rgb_front,1.0999999999999943,4
aygp09D7Z_w_2-5-rgb_front,1.2599999999999998,7
aygp09D7Z_w_24-5-rgb_front,1.039999999999992,5
aygp09D7Z_w_5-5-rgb_front,1.2199999999999989,7
aygp09D7Z_w_7-5-rgb_front,0.9000000000000021,5
b-341m5ri_A_2-5-rgb_front,0.379999999999999,6
b-341m5ri_A_3-5-rgb_front,0.9199999999999999,4
b0KaiY9OZa8_0-5-rgb_front,0.32999999999999985,1
b11STwEhshU_10-5-rgb_front,0.5899999999999999,1
b11STwEhshU_11-5-rgb_front,0.4599999999999973,1
b11STwEhshU_12-5-rgb_front,0.33999999999999986,1
b11STwEhshU_13-5-rgb_front,0.35999999999999943,1
b11STwEhshU_14-5-rgb_front,0.4200000000000017,1
b11STwEhshU_15-5-rgb_front,0.4299999999999997,1
b11STwEhshU_16-5-rgb_front,0.27999999999999403,1
b11STwEhshU_17-5-rgb_front,0.4200000000000017,1
b11STwEhshU_18-5-rgb_front,0.4799999999999969,1
b11STwEhshU_19-5-rgb_front,0.5,1
b11STwEhshU_2-5-rgb_front,0.8200000000000003,3
b11STwEhshU_23-5-rgb_front,0.4300000000000068,1
b11STwEhshU_25-5-rgb_front,0.7100000000000009,1
b11STwEhshU_29-5-rgb_front,0.6799999999999997,2
b11STwEhshU_30-5-rgb_front,0.5100000000000051,1
b11STwEhshU_31-5-rgb_front,0.45000000000000284,1
b11STwEhshU_32-5-rgb_front,0.29999999999999716,1
b11STwEhshU_33-5-rgb_front,0.4099999999999966,1
b11STwEhshU_34-5-rgb_front,0.46000000000000085,1
b11STwEhshU_35-5-rgb_front,0.5100000000000051,1
b11STwEhshU_36-5-rgb_front,0.3500000000000014,1
b11STwEhshU_37-5-rgb_front,0.21999999999999886,1
b11STwEhshU_38-5-rgb_front,0.21999999999999886,1
b11STwEhshU_42-5-rgb_front,0.9099999999999966,1
b11STwEhshU_6-5-rgb_front,0.4200000000000017,1
b11STwEhshU_7-5-rgb_front,0.15000000000000213,1
b11STwEhshU_8-5-rgb_front,1.1800000000000033,3
b11STwEhshU_9-5-rgb_front,0.41999999999999815,1
b1hxJIvcgls_11-8-rgb_front,0.4100000000000108,1
b1hxJIvcgls_13-8-rgb_front,0.13000000000000966,1
b1hxJIvcgls_15-8-rgb_front,0.38000000000000966,1
b1hxJIvcgls_6-8-rgb_front,0.3500000000000014,1
b1hxJIvcgls_8-8-rgb_front,0.23999999999999488,1
b29zLYHSim0_15-9-rgb_front,1.1000000000000014,4
b29zLYHSim0_16-9-rgb_front,1.0899999999999963,4
b29zLYHSim0_17-9-rgb_front,0.7000000000000028,3
b29zLYHSim0_18-9-rgb_front,0.9699999999999989,4
b29zLYHSim0_8-9-rgb_front,1.2299999999999969,5
b6ZncJ7ikxQ_12-8-rgb_front,1.1899999999999977,5
b9nWwzf0C5E_21-5-rgb_front,0.4099999999999966,2
bA53FmWDNPU_10-8-rgb_front,1.2999999999999972,2
bA53FmWDNPU_11-8-rgb_front,1.0399999999999991,3
bALpZEr8flU_13-8-rgb_front,0.3500000000000085,2
bALpZEr8flU_14-8-rgb_front,1.240000000000009,4
bCpx9dkhBgc_0-5-rgb_front,0.3900000000000001,1
bFaFfad7uCs_11-8-rgb_front,1.1199999999999974,2
bHEw7t7tJsc_6-5-rgb_front,1.0799999999999983,9
bJQW6jZSuAA_12-8-rgb_front,0.21999999999999886,5
bL2Lb4XEQdQ_18-9-rgb_front,0.9200000000000017,8
bL2Lb4XEQdQ_26-9-rgb_front,1.0499999999999972,5
bL2Lb4XEQdQ_4-9-rgb_front,0.5399999999999991,4
bLSpqPnZ15Y_14-1-rgb_front,1.2900000000000063,6
bPC1As0rH1I_16-8-rgb_front,0.9300000000000068,6
bPC1As0rH1I_17-8-rgb_front,1.0499999999999972,9
bRkUI98OdoQ_0-1-rgb_front,0.9299999999999999,3
bUsxa-igAF0_8-8-rgb_front,0.740000000000002,13
bZfiiqG_cF8_11-5-rgb_front,1.25,4
beVJrP2hs8o_10-4-rgb_front,0.21000000000000085,1
beVJrP2hs8o_4-4-rgb_front,0.35999999999999943,1
beVJrP2hs8o_6-4-rgb_front,0.1700000000000017,1
beZVrUpjpwk_11-8-rgb_front,0.6400000000000006,3
bhwmLgCrgVU_14-8-rgb_front,0.39000000000000057,14
bhwmLgCrgVU_21-8-rgb_front,0.7099999999999937,3
bhwmLgCrgVU_24-8-rgb_front,0.5100000000000051,3
bhwmLgCrgVU_25-8-rgb_front,1.0400000000000063,3
bjQrRezhvQU_19-1-rgb_front,0.46000000000000796,1
bnIoz-4U3xw_1-8-rgb_front,0.5800000000000001,2
bo3G_k9XSPY_1-8-rgb_front,1.1399999999999997,5
bo3G_k9XSPY_15-8-rgb_front,0.9599999999999937,2
bo3G_k9XSPY_2-8-rgb_front,0.8799999999999999,3
bogUNcjjm8Q_0-8-rgb_front,1.25,4
brD68XY2rZs_16-8-rgb_front,0.7999999999999972,3
brD68XY2rZs_17-8-rgb_front,0.4299999999999926,4
brD68XY2rZs_18-8-rgb_front,0.04999999999999716,5
brD68XY2rZs_32-8-rgb_front,1.039999999999992,10
btgl52iuJGk_19-8-rgb_front,0.9899999999999949,4
btwQXw3e8G8_2-8-rgb_front,1.240000000000001,3
btwQXw3e8G8_6-8-rgb_front,0.9800000000000004,7
btwQXw3e8G8_7-8-rgb_front,0.759999999999998,5
btwQXw3e8G8_8-8-rgb_front,1.25,6
bvyUUBpwesg_3-3-rgb_front,0.379999999999999,1
bvyUUBpwesg_4-3-rgb_front,0.9100000000000001,4
bwvtAII4pG0_1-5-rgb_front,0.36999999999999966,1
bwvtAII4pG0_14-5-rgb_front,0.36999999999999744,1
bwvtAII4pG0_16-5-rgb_front,0.3200000000000074,1
bwvtAII4pG0_20-5-rgb_front,1.0500000000000114,4
bwvtAII4pG0_27-5-rgb_front,0.35999999999999943,1
bwvtAII4pG0_29-5-rgb_front,0.8900000000000006,7
bwvtAII4pG0_36-5-rgb_front,0.25,1
bwvtAII4pG0_37-5-rgb_front,0.8600000000000136,3
bxzjO0cMUyc_0-8-rgb_front,0.2400000000000001,1
byClH8sN7Wg_11-8-rgb_front,1.2700000000000031,2
bypEEFgkWyw_16-8-rgb_front,0.8100000000000023,3
bypEEFgkWyw_18-8-rgb_front,1.1300000000000026,6
bypEEFgkWyw_24-8-rgb_front,1.2199999999999989,4
bypEEFgkWyw_6-8-rgb_front,0.33999999999999986,1
c4cLox0Z9AA_2-8-rgb_front,0.6400000000000006,1
c6difzHesqQ_17-8-rgb_front,0.9200000000000017,4
c6difzHesqQ_23-8-rgb_front,0.9399999999999977,5
c8qCeBSlaOw_11-8-rgb_front,1.2800000000000011,4
c8qCeBSlaOw_18-8-rgb_front,1.289999999999992,2
c8qCeBSlaOw_9-8-rgb_front,1.289999999999992,5
cC5RFhOB1Gk_2-5-rgb_front,0.6199999999999992,1
cEmmjObvNZE_21-5-rgb_front,1.269999999999996,3
cG6jFsMdpnw_11-8-rgb_front,0.3299999999999983,1
cG6jFsMdpnw_2-8-rgb_front,0.4500000000000002,1
cH9SbtBbEEY_17-8-rgb_front,1.0300000000000011,2
cKW0IfaDisU_0-3-rgb_front,0.14000000000000012,1
cN11VMtIguw_10-8-rgb_front,0.5600000000000023,1
cN11VMtIguw_7-8-rgb_front,1.2299999999999969,2
cOQgnuYJzyw_0-8-rgb_front,0.27,1
cOQgnuYJzyw_20-8-rgb_front,1.1400000000000006,6
cQBrXCcfDyc_10-5-rgb_front,0.6799999999999997,2
cQBrXCcfDyc_22-5-rgb_front,0.9300000000000068,3
cQBrXCcfDyc_23-5-rgb_front,0.37999999999999545,8
cQBrXCcfDyc_3-5-rgb_front,0.8999999999999986,5
cQBrXCcfDyc_31-5-rgb_front,1.25,3
cQBrXCcfDyc_32-5-rgb_front,0.7400000000000091,3
cQBrXCcfDyc_4-5-rgb_front,0.5599999999999987,2
cRrKSTsUW10_13-2-rgb_front,1.2800000000000011,5
cVgkQk7bIP4_3-5-rgb_front,0.21000000000000085,1
cYTNoYFqyc0_9-8-rgb_front,0.730000000000004,6
caSH1HZRhZA_0-5-rgb_front,0.47,1
caSH1HZRhZA_15-5-rgb_front,0.9300000000000068,1
caSH1HZRhZA_17-5-rgb_front,0.960000000000008,11
caSH1HZRhZA_29-5-rgb_front,0.8199999999999932,2
caSH1HZRhZA_3-5-rgb_front,0.36999999999999744,1
ce3agDFnApw_15-8-rgb_front,1.230000000000004,5
chdVD0wH8HU_11-5-rgb_front,1.240000000000002,6
ck8Pd1xb2hM_0-5-rgb_front,0.47,1
ckEfgaF2ZKc_0-8-rgb_front,0.54,1
cmFd-YkgJ0w_11-9-rgb_front,1.2199999999999989,6
cmFd-YkgJ0w_27-9-rgb_front,0.9399999999999977,8
cvn7htBA8Xc_10-8-rgb_front,0.5600000000000023,2
cvn7htBA8Xc_7-8-rgb_front,0.46000000000000085,2
cvn7htBA8Xc_9-8-rgb_front,0.11999999999999034,1
cwXQVmfKj48_11-5-rgb_front,0.1700000000000017,1
cwXQVmfKj48_13-5-rgb_front,0.38000000000000256,1
cwXQVmfKj48_20-5-rgb_front,0.13000000000000966,1
cwXQVmfKj48_21-5-rgb_front,1.0300000000000011,1
cwXQVmfKj48_4-5-rgb_front,0.33999999999999986,1
cwXQVmfKj48_9-5-rgb_front,0.5700000000000003,1
cx9q2GQwZCo_6-8-rgb_front,1.2199999999999953,10
czBrBQgZIuc_12-5-rgb_front,0.6899999999999977,3
czBrBQgZIuc_19-5-rgb_front,0.11999999999999034,1
czBrBQgZIuc_21-5-rgb_front,0.7199999999999989,2
czBrBQgZIuc_4-5-rgb_front,0.5499999999999989,3
d-UFZZklFmM_10-5-rgb_front,0.6799999999999926,1
d-UFZZklFmM_8-5-rgb_front,1.2099999999999937,3
d-cJHsXcKCQ_12-8-rgb_front,0.7199999999999989,4
d-cJHsXcKCQ_13-8-rgb_front,0.9699999999999989,5
d-cJHsXcKCQ_14-8-rgb_front,0.8299999999999983,5
d-cJHsXcKCQ_21-8-rgb_front,0.8700000000000045,6
d-cJHsXcKCQ_6-8-rgb_front,1.0700000000000003,8
d1h3XLGDMEY_0-8-rgb_front,0.19,1
d7ZnbqAlscs_0-5-rgb_front,0.34999999999999987,1
dJkZC7IchGs_13-1-rgb_front,0.6400000000000006,1
dJkZC7IchGs_23-1-rgb_front,0.5,1
dS9mMXiUnkQ_2-5-rgb_front,1.2599999999999998,4
dS9mMXiUnkQ_3-5-rgb_front,1.2899999999999991,6
dS9mMXiUnkQ_7-5-rgb_front,1.0500000000000007,3
dT5xm3lFdbo_9-5-rgb_front,1.2800000000000011,9
dZztN9Ewuzo_11-5-rgb_front,0.9299999999999997,4
dZztN9Ewuzo_12-5-rgb_front,1.0200000000000031,1
dZztN9Ewuzo_13-5-rgb_front,0.8600000000000065,1
dZztN9Ewuzo_14-5-rgb_front,0.10999999999999943,1
dZztN9Ewuzo_15-5-rgb_front,0.5599999999999952,1
dZztN9Ewuzo_16-5-rgb_front,0.6099999999999994,1
dZztN9Ewuzo_18-5-rgb_front,1.2100000000000009,3
dZztN9Ewuzo_19-5-rgb_front,1.259999999999998,3
dZztN9Ewuzo_23-5-rgb_front,1.2000000000000028,1
dZztN9Ewuzo_24-5-rgb_front,0.6600000000000037,1
dZztN9Ewuzo_25-5-rgb_front,0.6999999999999957,1
dZztN9Ewuzo_26-5-rgb_front,0.8200000000000074,1
dZztN9Ewuzo_27-5-rgb_front,0.8799999999999955,1
dZztN9Ewuzo_28-5-rgb_front,0.9000000000000057,1
dZztN9Ewuzo_29-5-rgb_front,0.9000000000000057,1
dZztN9Ewuzo_33-5-rgb_front,0.30000000000001137,1
dZztN9Ewuzo_34-5-rgb_front,0.39000000000000057,1
dZztN9Ewuzo_35-5-rgb_front,0.3999999999999915,1
dZztN9Ewuzo_36-5-rgb_front,0.4000000000000057,1
dZztN9Ewuzo_37-5-rgb_front,0.4399999999999977,1
dZztN9Ewuzo_38-5-rgb_front,0.9300000000000068,1
dam5GdktjAU_11-8-rgb_front,0.3299999999999983,12
darV50MH6vc_13-8-rgb_front,0.7199999999999989,3
darV50MH6vc_18-8-rgb_front,0.18000000000000682,6
darV50MH6vc_19-8-rgb_front,0.8500000000000085,12
darV50MH6vc_2-8-rgb_front,1.129999999999999,6
darV50MH6vc_20-8-rgb_front,1.2900000000000063,4
darV50MH6vc_21-8-rgb_front,0.9300000000000068,2
dbSAB8F8GYc_11-9-rgb_front,0.12000000000000455,1
dbSAB8F8GYc_15-9-rgb_front,0.9100000000000037,4
dbSAB8F8GYc_16-9-rgb_front,0.9299999999999997,4
dbSAB8F8GYc_17-9-rgb_front,0.9499999999999957,4
dbSAB8F8GYc_22-9-rgb_front,0.6499999999999915,1
dbSAB8F8GYc_5-9-rgb_front,0.38000000000000256,1
dbSAB8F8GYc_7-9-rgb_front,1.019999999999996,4
dbSAB8F8GYc_8-9-rgb_front,0.9200000000000017,4
dbSAB8F8GYc_9-9-rgb_front,0.9600000000000009,4
db_8cpiP0T4_7-1-rgb_front,1.25,5
db_8cpiP0T4_8-1-rgb_front,0.21999999999999886,1
db_8cpiP0T4_9-1-rgb_front,0.37000000000000455,1
dcN7W0lxTpE_22-8-rgb_front,0.8699999999999903,2
dcN7W0lxTpE_44-8-rgb_front,1.1200000000000045,1
dcN7W0lxTpE_55-8-rgb_front,0.8400000000000318,2
dcN7W0lxTpE_56-8-rgb_front,0.7899999999999636,3
dcN7W0lxTpE_59-8-rgb_front,1.080000000000041,2
dfpBYRHB83s_2-1-rgb_front,1.2999999999999998,6
dkJRO_I7d3Q_6-8-rgb_front,0.6099999999999994,3
dmUuraVHek8_13-8-rgb_front,0.7800000000000011,3
dmUuraVHek8_4-8-rgb_front,0.48999999999999844,4
dnHhd661caQ_19-8-rgb_front,0.8400000000000034,8
dnHhd661caQ_6-8-rgb_front,1.0499999999999972,7
doMosV-zfCI_0-2-rgb_front,0.15999999999999998,1
doMosV-zfCI_12-2-rgb_front,1.2999999999999972,5
doMosV-zfCI_20-2-rgb_front,0.8299999999999983,5
doMosV-zfCI_24-2-rgb_front,0.7600000000000051,6
doMosV-zfCI_30-2-rgb_front,0.6899999999999977,2
doMosV-zfCI_7-2-rgb_front,0.29999999999999716,1
doMosV-zfCI_8-2-rgb_front,0.6499999999999986,2
dpmvQ0Alr_4_14-8-rgb_front,0.6899999999999977,3
dpmvQ0Alr_4_8-8-rgb_front,1.1000000000000014,7
dvBdWGLzayI_10-8-rgb_front,0.10999999999999943,1
dvBdWGLzayI_13-8-rgb_front,0.9500000000000028,4
dvBdWGLzayI_15-8-rgb_front,1.1499999999999986,4
dvBdWGLzayI_23-8-rgb_front,0.710000000000008,2
dz1K0E0eewQ_13-5-rgb_front,1.2999999999999972,9
dz1K0E0eewQ_14-5-rgb_front,0.6599999999999966,8
dz1K0E0eewQ_22-5-rgb_front,0.39000000000000057,5
dz1K0E0eewQ_23-5-rgb_front,0.3999999999999915,1
dz1K0E0eewQ_24-5-rgb_front,0.4399999999999977,13
dz1K0E0eewQ_26-5-rgb_front,1.0999999999999943,3
dz1K0E0eewQ_5-5-rgb_front,0.379999999999999,6
dz1K0E0eewQ_6-5-rgb_front,0.46000000000000085,9
e9KEGfUEhMk_9-5-rgb_front,1.0400000000000063,8
e9UWZ3kkA7Y_15-8-rgb_front,0.6200000000000045,3
e9UWZ3kkA7Y_16-8-rgb_front,1.269999999999996,4
e9UWZ3kkA7Y_18-8-rgb_front,0.5700000000000074,6
eANyqXdSpSk_2-5-rgb_front,1.0300000000000011,6
eBrlZcccILg_13-3-rgb_front,0.4200000000000017,1
eBrlZcccILg_16-3-rgb_front,1.2900000000000063,4
eBrlZcccILg_18-3-rgb_front,1.0799999999999983,3
eBrlZcccILg_19-3-rgb_front,0.7800000000000011,4
eBrlZcccILg_21-3-rgb_front,0.21999999999999886,1
eBrlZcccILg_23-3-rgb_front,0.5100000000000051,2
eBrlZcccILg_26-3-rgb_front,0.15000000000000568,1
eBrlZcccILg_27-3-rgb_front,0.9799999999999898,3
eBrlZcccILg_29-3-rgb_front,0.7400000000000091,3
eBrlZcccILg_30-3-rgb_front,0.6499999999999773,2
eBrlZcccILg_33-3-rgb_front,0.5699999999999932,3
eI9bNFa07x4_18-8-rgb_front,1.2099999999999937,7
eIOmY6ub-I0_10-5-rgb_front,0.9699999999999989,4
eIOmY6ub-I0_11-5-rgb_front,1.0200000000000031,4
eMhscu5bckc_6-5-rgb_front,0.7199999999999918,1
eRlK5VRBfNY_1-3-rgb_front,1.1300000000000003,6
eS8QaBYoDU0_9-9-rgb_front,0.6499999999999915,5
eUP1a-9q2aA_11-8-rgb_front,1.2899999999999991,4
eUP1a-9q2aA_17-8-rgb_front,0.8599999999999994,6
eUP1a-9q2aA_4-8-rgb_front,0.8499999999999996,3
eUP1a-9q2aA_5-8-rgb_front,1.2100000000000009,6
e_S9g_NKlvY_14-8-rgb_front,0.5799999999999983,8
e_S9g_NKlvY_8-8-rgb_front,0.46000000000000085,8
edhG6Fflhtg_10-8-rgb_front,1.2300000000000004,2
edhG6Fflhtg_11-8-rgb_front,1.1799999999999997,2
edhG6Fflhtg_6-8-rgb_front,1.120000000000001,10
eefsk97G-44_10-5-rgb_front,0.9399999999999977,3
eefsk97G-44_4-5-rgb_front,1.1500000000000021,5
eefsk97G-44_7-5-rgb_front,1.1400000000000006,4
ewTRUmG6X3g_8-8-rgb_front,1.0799999999999983,7
exoR8fu9q4M_17-8-rgb_front,1.1400000000000006,8
exoR8fu9q4M_5-8-rgb_front,1.1300000000000008,7
exoR8fu9q4M_9-8-rgb_front,1.2199999999999989,9
ey9K0GWYkSI_15-8-rgb_front,1.1700000000000017,7
ey9K0GWYkSI_6-8-rgb_front,0.41000000000000014,2
eyRb0KhjU3I_6-5-rgb_front,1.1800000000000068,4
ez2bCEZMTgc_12-5-rgb_front,0.6200000000000045,1
ez9_he04234_6-8-rgb_front,0.9200000000000017,3
f3A9L7yGmEM_1-3-rgb_front,1.1799999999999997,4
f3A9L7yGmEM_17-3-rgb_front,1.0,4
f3A9L7yGmEM_19-3-rgb_front,1.0900000000000034,5
f3A9L7yGmEM_21-3-rgb_front,0.480000000000004,1
f6LINKBu7io_12-8-rgb_front,0.6099999999999994,5
f6LINKBu7io_13-8-rgb_front,1.1800000000000068,8
f6LINKBu7io_3-8-rgb_front,1.1600000000000001,5
f6SJe6s7FBQ_13-8-rgb_front,0.6000000000000085,6
f9OsarAxuIQ_14-8-rgb_front,0.5100000000000051,2
f9OsarAxuIQ_6-8-rgb_front,1.2100000000000009,6
f9OsarAxuIQ_8-8-rgb_front,1.1500000000000057,7
fAtXQBL65O8_12-5-rgb_front,1.289999999999992,5
fAtXQBL65O8_22-5-rgb_front,1.289999999999992,4
fCF65sNmII8_2-3-rgb_front,0.28000000000000114,3
fCk8Md58LK4_13-4-rgb_front,1.1599999999999966,6
fEHjV8vc66w_19-8-rgb_front,0.39000000000000057,1
fEHjV8vc66w_6-8-rgb_front,0.870000000000001,1
fEHjV8vc66w_7-8-rgb_front,1.0800000000000018,9
fEHjV8vc66w_8-8-rgb_front,0.8099999999999952,3
fEHjV8vc66w_9-8-rgb_front,1.0900000000000034,3
fFk8oRYSMq0_33-5-rgb_front,1.210000000000008,2
fGOgdMxbrbk_16-3-rgb_front,1.170000000000016,2
fHT1NhNUono_5-8-rgb_front,1.1900000000000013,12
fHyWp4FMZZA_0-5-rgb_front,0.7500000000000001,4
fJ5vO67Ktnw_12-3-rgb_front,1.2800000000000011,10
fqEO3MuTlEE_15-5-rgb_front,0.7800000000000011,1
fsfTrRxuJ-c_0-5-rgb_front,0.42000000000000004,1
fxIoWLKHOuo_13-3-rgb_front,0.8200000000000074,5
